Country,Augusta,Busselton,Busselton Region,Margaret River,Australind - Leschenault,Bunbury,Capel,College Grove - Carey Park,Collie,Dardanup,Davenport,Eaton - Pelican Point,Gelorup - Dalyellup - Stratham,Harvey,Koombana,Waroona,Bridgetown - Boyup Brook,Donnybrook - Balingup,Manjimup,Pemberton,Dawesville - Bouvard,Falcon - Wannanup,Greenfields,Halls Head - Erskine,Mandurah,Mandurah - East,Mandurah - North,Mandurah - South,Pinjarra,City Beach,Claremont (WA),Cottesloe,Floreat,Mosman Park - Peppermint Grove,Nedlands - Dalkeith - Crawley,Swanbourne - Mount Claremont,Kings Park (WA),Mount Hawthorn - Leederville,Mount Lawley - Inglewood,North Perth,Perth City,Subiaco - Shenton Park,Wembley - West Leederville - Glendalough,Bassendean - Eden Hill - Ashfield,Bayswater - Embleton - Bedford,Maylands,Morley,Noranda,Chidlow,Glen Forrest - Darlington,Helena Valley - Koongamia,Malmalling - Reservoir,Mundaring,Swan View - Greenmount - Midvale,Avon Valley National Park,Ballajura,Beechboro,Bullsbrook,Ellenbrook,Gidgegannup,Hazelmere - South Guildford,Lockridge - Kiara,Malaga,Melaleuca - Lexia,Middle Swan - Herne Hill,Midland - Guildford,Stratton - Jane Brook,The Vines,Walyunga National Park,Craigie - Beldon,Currambine - Kinross,Duncraig,Greenwood - Warwick,Heathridge - Connolly,Hillarys,Iluka - Burns Beach,Joondalup - Edgewater,Kingsley,Mullaloo - Kallaroo,Ocean Reef,Padbury,Sorrento - Marmion,Woodvale,Balcatta - Hamersley,Balga - Mirrabooka,Dianella,Herdsman,Innaloo - Doubleview,Karrinyup - Gwelup - Carine,Nollamara - Westminster,Osborne Park Industrial,Scarborough,Stirling - Osborne Park,Trigg - North Beach - Watermans Bay,Tuart Hill - Joondanna,Wembley Downs - Churchlands - Woodlands,Yokine - Coolbinia - Menora,Alexander Heights - Koondoola,Butler - Merriwa - Ridgewood,Carramar,Clarkson,Girrawheen,Madeley - Darch - Landsdale,Marangaroo,Mindarie - Quinns Rocks - Jindalee,Neerabup National Park,Tapping - Ashby - Sinagra,Wanneroo,Yanchep,Armadale - Wungong - Brookdale,Ashendon - Lesley,Camillo - Champion Lakes,Forrestdale - Harrisdale - Piara Waters,Kelmscott,Mount Nasura - Mount Richon - Bedfordale,Roleystone,Seville Grove,Belmont - Ascot - Redcliffe,East Victoria Park - Carlisle,Kewdale Commercial,Perth Airport,Rivervale - Kewdale - Cloverdale,Victoria Park - Lathlain - Burswood,Bentley - Wilson - St James,Canning Vale - West,Canning Vale Commercial,Cannington - Queens Park,Parkwood - Ferndale - Lynwood,Riverton - Shelley - Rossmoyne,Welshpool,Willetton,Beckenham - Kenwick - Langford,Canning Vale - East,Gosnells,Huntingdale - Southern River,Maddington - Orange Grove - Martin,Thornlie,Forrestfield - Wattle Grove,High Wycombe,Kalamunda - Maida Vale - Gooseberry Hill,Lesmurdie - Bickley - Carmel,Byford,Mundijong,Serpentine - Jarrahdale,Como,Manning - Waterford,South Perth - Kensington,Banjup,Beeliar,Bibra Industrial,Bibra Lake,Coogee,Coolbellup,Hamilton Hill,Henderson,Jandakot,Jandakot Airport,North Coogee,South Lake - Cockburn Central,Spearwood,Success - Hammond Park,Wattleup,Yangebup,East Fremantle,Fremantle,Fremantle - South,O'Connor (WA),Anketell - Wandi,Bertram - Wellard (West),Calista,Casuarina - Wellard (East),Hope Valley - Postans,Kwinana Industrial,Parmelia - Orelia,Applecross - Ardross,Bateman,Bicton - Palmyra,Booragoon,Bull Creek,Leeming,Melville,Murdoch - Kardinya,Willagee,Winthrop,Baldivis,Cooloongup,Port Kennedy,Rockingham,Rockingham Lakes,Safety Bay - Shoalwater,Singleton - Golden Bay - Secret Harbour,Waikiki,Warnbro,Esperance,Esperance Region,Carnarvon,Exmouth,Boulder,Kalgoorlie,Kalgoorlie - North,Kalgoorlie Airport,Kambalda - Coolgardie - Norseman,Leinster - Leonora,Trafalgar (WA),Broome,Derby - West Kimberley,Halls Creek,Kununurra,Roebuck,Geraldton,Geraldton - East,Geraldton - North,Geraldton - South,Irwin,Meekatharra,Morawa,Northampton - Mullewa - Greenough,Ashburton (WA),East Pilbara,Karratha,Newman,Port Hedland,Roebourne,South Hedland,Albany,Albany Region,Bayonet Head - Lower King,Denmark,Gnowangerup,Katanning,Kojonup,Little Grove - Elleker,McKail - Willyung,Plantagenet,Stirling Range National Park,Chittering,Cunderdin,Dowerin,Gingin - Dandaragan,Merredin,Moora,Mukinbudin,Northam,Toodyay,York - Beverley,Brookton,Kulin,Murray,Narrogin,Wagin,Migratory - Offshore - Shipping (WA),No Usual Address (WA)
United Kingdom,425,1931,720,611,1232,1295,373,400,492,237,0,665,835,531,388,285,723,556,336,470,732,903,1108,2589,1054,601,1808,1163,846,638,748,680,644,1024,1510,906,6,837,1391,568,2210,1691,1297,1316,1674,972,1313,454,396,1134,501,0,1764,1072,0,1345,833,614,2575,294,419,502,0,0,403,790,507,954,0,1363,3631,2114,1479,2243,1744,1846,2975,2069,2527,2044,1154,1108,1882,924,789,1279,0,1289,1971,761,0,1306,737,700,706,1168,1002,789,4330,2704,1961,546,1504,592,4880,0,3103,3755,1503,1863,0,605,862,1501,1513,1287,880,980,1090,0,0,1416,1055,1229,992,0,687,1569,1292,0,1502,1146,1993,2069,1574,1062,2559,1451,1108,2534,1558,1098,704,540,1092,728,1543,1379,510,3,0,705,681,796,0,299,0,79,940,669,1027,34,568,729,1519,1345,0,119,729,894,201,3,0,1318,1063,298,1461,1423,728,1252,1509,851,357,461,2970,1353,2295,2954,0,2138,3389,1941,1719,608,208,206,273,216,420,379,0,203,193,0,562,129,29,283,43,619,320,317,528,260,197,228,412,486,360,743,182,189,226,270,1274,286,428,704,78,189,217,343,713,464,0,628,221,187,667,223,199,167,710,518,471,216,183,156,221,288,43,754
Isle of Man,3,3,0,0,0,0,0,0,0,0,0,0,0,0,0,0,0,0,0,0,3,3,0,3,3,0,3,0,3,0,0,0,0,0,0,0,0,0,0,0,0,0,0,0,0,0,0,0,0,0,0,0,0,0,0,0,0,0,0,0,0,0,0,0,0,0,0,0,0,0,0,3,3,0,7,0,0,0,0,0,0,0,0,0,0,0,0,0,0,0,0,0,0,0,0,0,0,0,4,7,0,0,3,0,12,0,3,7,0,0,0,0,0,0,0,0,0,0,0,0,0,0,3,0,0,0,0,4,0,0,0,0,0,5,3,0,3,0,0,0,0,0,0,0,0,3,3,0,0,0,0,0,0,0,0,0,0,0,0,3,0,0,0,0,0,0,0,0,3,0,0,0,0,0,0,0,0,3,0,3,3,0,0,0,5,0,3,0,0,0,6,0,0,0,0,0,0,0,0,0,0,0,0,0,0,0,0,0,0,0,0,0,0,0,0,0,3,0,0,0,0,0,0,0,0,0,0,0,0,0,0,0,3,0,0,0,0,0,0,0,0,0,0,0,0,0,0,0,0,0,0,0
Jersey,0,0,0,0,0,9,0,3,0,0,0,0,0,0,3,0,0,0,0,0,0,3,0,0,0,0,4,0,0,0,0,0,0,3,0,0,0,4,0,3,0,0,4,3,3,0,9,0,0,0,0,0,0,0,0,3,0,0,7,0,0,0,0,0,0,0,0,3,0,0,8,0,3,0,3,5,0,0,3,0,3,0,4,3,5,3,0,0,3,0,0,0,0,0,0,9,0,0,9,0,3,0,5,0,0,0,0,0,0,0,0,0,4,0,0,0,0,0,0,0,0,0,3,0,3,0,0,0,0,0,0,3,5,4,4,0,0,3,0,3,4,3,0,0,0,0,0,12,3,0,0,3,0,0,0,0,0,0,0,0,0,0,0,0,0,0,0,0,0,0,0,0,0,0,0,0,0,0,0,0,0,0,0,0,3,0,0,0,0,0,0,0,0,0,0,0,0,0,5,0,0,0,0,0,3,0,0,0,0,0,0,6,0,0,0,0,0,0,0,0,0,0,0,0,11,0,0,3,0,0,3,0,10,7,0,0,0,0,0,0,0,0,0,0,0,0,0,0,0,0,0,0
Ireland,15,60,44,28,62,87,4,26,23,6,0,21,45,21,18,7,27,14,5,12,16,27,29,82,38,10,65,23,23,32,65,56,67,114,91,37,0,204,200,108,764,172,361,110,184,183,105,30,4,27,11,0,51,45,0,65,51,5,100,7,13,30,0,0,10,44,15,21,0,151,180,149,130,169,108,122,221,115,150,133,80,102,86,108,65,144,0,206,151,95,0,305,86,52,168,99,140,35,161,105,72,26,60,35,161,0,202,235,37,52,0,12,31,51,45,36,26,125,146,0,0,138,142,89,40,0,55,75,51,0,94,43,91,72,72,65,125,87,68,141,67,21,12,17,106,61,188,48,26,0,0,34,38,61,0,9,0,3,46,46,49,0,47,70,128,115,0,4,28,15,6,0,0,30,66,17,93,89,30,72,114,67,20,21,59,37,60,91,0,60,73,47,30,22,15,8,11,13,46,44,0,23,17,0,41,15,4,21,5,29,9,14,37,10,9,26,10,57,46,77,48,20,19,18,25,7,7,16,8,3,3,13,6,11,0,19,5,12,18,7,12,12,19,15,15,3,14,18,11,4,3,126
Austria,8,19,8,3,3,9,3,5,7,0,0,3,3,3,4,0,4,3,3,0,7,4,9,13,3,0,3,5,0,4,4,11,0,7,12,8,0,13,9,3,31,14,9,13,16,16,13,5,0,11,3,0,3,6,0,7,6,5,10,3,0,0,0,0,4,5,0,3,0,10,13,15,13,3,16,4,11,10,8,10,9,3,7,9,3,13,0,16,17,5,0,8,7,5,9,14,16,8,0,6,5,3,10,3,5,0,8,11,3,6,0,0,0,15,10,13,3,12,8,0,0,15,12,8,0,0,6,0,15,0,3,14,12,16,3,10,18,14,11,15,8,8,3,0,11,3,13,9,3,0,0,0,8,7,0,0,0,0,4,14,0,0,7,9,13,14,0,0,6,7,0,0,0,5,13,6,3,13,3,8,28,12,3,0,7,8,3,10,0,4,3,6,3,4,0,3,0,4,5,0,0,0,0,0,3,5,0,8,0,5,4,9,3,3,4,0,3,11,3,0,0,0,0,3,3,0,6,5,0,0,0,0,3,9,0,3,0,3,7,3,0,0,18,5,3,0,0,3,3,0,0,5
Belgium,0,4,8,3,0,4,4,0,0,0,0,0,3,3,0,0,0,4,3,0,0,0,3,7,0,0,0,0,0,8,3,3,5,11,20,8,0,4,14,3,24,5,7,6,6,3,10,0,0,3,0,0,4,4,0,0,3,3,6,0,0,0,0,0,0,4,0,4,0,4,3,5,8,8,7,0,4,5,3,8,3,0,0,6,0,5,0,8,14,3,0,13,3,5,0,4,3,0,11,3,3,0,7,5,10,0,4,5,4,0,0,0,0,0,3,5,0,6,7,0,0,3,8,9,0,0,3,6,3,0,11,0,3,7,0,3,3,10,3,8,6,0,3,0,3,9,8,0,0,0,0,3,0,4,0,0,0,0,4,0,0,3,0,0,13,10,0,0,6,0,0,0,0,0,0,0,7,5,3,0,10,3,0,3,3,3,5,0,0,5,3,0,0,16,3,0,0,4,0,0,0,4,0,0,0,0,0,7,0,3,0,0,0,3,0,0,3,0,3,4,0,5,0,0,0,4,0,3,0,0,0,0,8,0,0,4,0,3,0,3,0,0,0,3,3,0,0,0,0,0,0,3
France,13,20,22,24,12,20,3,3,6,5,0,3,3,4,3,3,13,8,0,0,3,3,6,10,6,4,8,7,0,17,18,29,17,29,77,25,0,19,38,20,128,70,39,24,35,29,18,3,9,14,4,0,16,7,0,23,7,0,7,9,0,4,0,0,7,16,0,4,0,11,11,22,11,13,21,5,20,12,20,6,10,4,9,21,10,23,0,33,23,11,0,43,16,17,24,25,15,4,3,3,6,0,19,8,10,0,13,25,9,11,0,9,10,14,9,13,9,8,19,0,0,28,36,19,9,0,13,7,5,0,8,8,12,15,12,8,19,10,4,23,14,11,3,0,28,22,50,8,6,0,0,12,28,34,0,0,0,0,6,18,7,0,6,18,64,53,0,3,8,3,0,0,0,8,23,11,27,31,10,13,26,35,3,3,9,3,12,19,0,9,4,4,4,4,0,16,10,4,4,8,0,3,3,0,27,8,3,19,3,11,3,6,6,0,0,0,0,12,7,10,0,4,3,7,9,0,0,5,0,0,7,0,0,3,0,4,0,0,11,0,0,3,10,0,4,3,3,0,0,0,0,27
Germany,40,108,60,60,49,73,18,31,61,11,0,26,30,29,24,15,25,35,18,35,16,33,44,89,33,25,39,53,27,38,51,47,33,63,83,63,0,58,99,45,190,107,85,81,133,90,103,40,14,59,34,0,100,102,0,46,64,20,88,19,26,38,0,0,19,45,26,30,0,75,54,96,92,54,81,18,108,80,96,43,85,62,33,65,65,111,0,85,144,71,0,132,38,37,47,62,75,27,72,46,53,26,52,34,92,0,63,134,68,79,0,21,8,54,74,41,36,76,71,0,0,116,75,70,33,0,45,61,64,0,71,75,35,87,52,45,93,73,40,120,73,29,31,10,69,39,89,43,10,0,0,39,44,81,0,0,0,11,41,44,26,3,39,43,98,99,0,4,14,46,15,0,0,57,42,8,84,64,34,44,82,62,30,15,88,48,48,99,0,49,63,38,44,47,25,18,34,25,34,32,0,24,7,0,71,11,4,48,9,52,15,34,23,10,14,6,29,25,28,36,16,16,16,18,107,21,22,51,7,16,7,18,53,35,0,26,17,3,48,12,5,9,80,36,22,16,10,8,24,17,0,78
Liechtenstein,0,0,0,0,0,0,0,0,0,0,0,0,0,0,0,0,0,0,0,0,0,0,0,0,0,0,0,0,0,0,0,0,0,0,0,0,0,0,0,0,0,0,0,0,0,0,0,0,0,0,0,0,0,0,0,0,0,0,0,0,0,0,0,0,0,0,0,0,0,0,0,0,0,0,0,0,0,0,0,0,0,0,0,0,0,0,0,0,0,0,0,0,0,0,0,0,0,0,0,0,0,0,0,0,0,0,0,0,0,0,0,0,0,0,0,0,0,0,0,0,0,0,0,0,0,0,0,0,0,0,0,0,0,0,0,0,0,0,0,0,0,0,0,0,0,0,0,0,0,0,0,0,3,0,0,0,0,0,0,0,0,0,0,0,0,0,0,0,0,0,0,0,0,0,0,0,0,0,0,0,0,0,0,0,0,0,0,0,0,0,0,0,0,0,0,0,0,0,0,0,0,0,0,0,0,0,0,0,0,0,0,0,0,0,0,0,0,0,0,0,0,0,0,0,0,0,0,0,0,0,0,0,0,0,0,0,0,0,0,0,0,0,0,0,0,0,0,0,0,0,0,0
Luxembourg,0,0,0,0,0,0,0,0,0,0,0,0,0,0,0,0,0,0,0,0,0,0,0,0,0,0,0,0,0,0,0,0,0,0,0,0,0,0,0,0,3,3,0,0,0,0,0,0,0,0,0,0,0,0,0,0,0,0,0,0,0,0,0,0,0,0,0,0,0,0,0,0,0,0,0,0,0,0,0,0,0,0,0,0,0,0,0,0,0,0,0,0,0,0,0,0,0,0,0,0,0,0,3,0,0,0,0,0,0,0,0,0,0,0,0,0,0,0,0,0,0,0,0,0,0,0,0,0,0,0,3,0,0,0,0,0,0,0,0,0,0,0,0,0,0,0,0,0,0,0,0,0,0,0,0,0,0,0,0,0,0,0,0,0,0,0,0,0,0,0,0,0,0,0,3,0,0,0,0,0,0,0,0,0,0,0,0,0,0,0,0,0,0,0,0,0,0,0,0,0,0,0,0,0,0,0,0,0,0,0,0,0,0,0,0,0,0,0,0,0,0,0,0,0,4,0,0,0,0,0,0,3,0,0,0,0,0,0,0,0,0,0,0,0,0,0,0,0,0,0,0,0
Netherlands,18,88,27,29,47,93,17,22,20,22,0,53,32,34,19,16,39,22,12,23,31,35,69,120,43,26,54,59,56,47,34,29,45,44,89,57,0,32,50,31,96,78,82,77,108,44,114,25,23,62,31,0,83,57,0,56,39,16,75,13,24,32,0,0,22,48,26,22,0,46,40,64,66,41,35,29,87,75,54,27,52,54,27,53,49,91,0,43,112,49,0,48,32,37,25,68,61,39,72,19,18,25,39,24,57,0,40,114,46,230,0,44,17,107,129,75,49,53,50,0,0,67,58,89,40,0,56,57,87,0,64,66,62,134,49,107,140,88,57,93,78,87,46,23,47,50,59,41,19,0,0,31,48,40,0,10,0,0,34,39,31,8,13,34,68,57,0,16,21,35,8,0,0,41,42,26,60,68,27,35,54,35,26,26,96,43,50,93,0,75,48,49,53,32,11,25,28,14,16,4,0,4,12,0,30,4,0,19,5,48,18,21,26,15,16,9,25,25,11,34,7,9,7,9,141,29,24,40,7,18,9,31,71,26,0,34,18,22,37,18,18,9,60,31,39,18,22,16,8,18,0,44
Switzerland,7,17,24,9,9,4,0,0,0,0,0,4,11,3,0,0,8,3,3,13,7,3,9,15,6,4,17,3,3,8,21,16,9,14,14,14,0,3,24,14,40,39,22,12,13,11,17,10,4,18,0,0,15,8,0,3,10,9,3,3,4,4,0,0,3,12,3,5,0,14,14,35,17,13,21,9,27,13,13,20,4,9,8,8,7,17,0,18,26,10,0,33,6,9,15,26,12,3,19,0,3,6,14,4,17,0,3,22,10,9,0,0,10,10,23,19,0,6,23,0,0,20,13,13,8,0,7,6,17,0,15,6,4,11,5,9,4,18,3,39,20,0,7,7,15,11,24,3,3,0,0,0,9,17,0,0,0,0,9,6,4,0,4,7,22,21,0,0,3,11,0,0,0,4,13,0,18,13,0,3,3,9,3,0,9,0,8,4,0,6,6,3,3,7,5,0,3,0,3,0,0,0,3,0,17,4,0,7,3,3,0,8,4,3,0,0,8,6,3,0,0,0,3,0,8,5,7,10,3,0,0,3,3,5,0,8,0,0,5,0,0,0,11,0,3,5,3,3,0,3,0,14
Denmark,0,19,4,8,3,3,0,3,3,0,0,0,5,4,0,4,7,9,7,8,3,4,5,10,5,0,4,7,3,0,4,3,18,3,6,5,0,3,6,3,27,13,11,4,16,10,7,0,4,7,7,0,17,3,0,6,3,6,7,3,3,0,0,0,3,8,3,3,0,7,7,7,4,13,3,3,8,6,4,5,4,6,0,6,8,3,0,9,11,11,0,8,6,8,4,7,11,0,5,0,10,0,9,10,13,0,3,12,0,6,0,11,4,7,7,10,3,3,5,0,0,6,6,3,0,0,0,10,11,0,10,5,3,12,11,9,10,10,0,24,9,4,3,0,4,3,12,4,0,0,0,6,4,8,0,3,0,0,4,3,0,6,3,3,16,19,0,0,3,5,0,0,0,16,5,7,7,4,5,10,14,3,3,0,4,10,3,24,0,12,10,6,10,7,3,0,0,0,5,3,0,7,0,0,3,0,0,8,0,7,0,3,0,0,0,0,4,3,0,4,3,4,0,4,3,0,5,6,3,3,0,0,0,6,0,8,3,0,12,0,3,0,5,4,3,0,0,0,3,7,0,3
Faroe Is.,0,0,0,0,0,0,0,0,0,0,0,0,0,0,0,0,0,0,0,0,0,0,0,0,0,0,0,0,0,0,0,0,0,0,0,0,0,0,0,0,0,0,0,0,0,0,0,0,0,0,0,0,0,0,0,0,0,0,0,0,0,0,0,0,0,0,0,0,0,0,0,0,0,0,0,0,0,0,0,0,0,0,0,0,0,0,0,0,0,0,0,0,0,0,0,0,0,0,0,0,0,0,0,0,0,0,0,0,0,0,0,0,0,0,0,0,0,0,0,0,0,0,0,0,0,0,0,0,0,0,0,0,0,0,0,0,0,0,0,0,0,0,0,0,0,0,0,0,0,0,0,0,0,0,0,0,0,0,0,0,0,0,0,0,0,0,0,0,0,0,0,0,0,0,0,0,0,0,0,0,0,0,0,0,0,0,0,0,0,0,0,0,0,0,0,0,0,0,0,0,0,0,0,0,0,0,0,0,0,0,0,0,0,0,0,0,0,0,0,0,0,0,0,0,0,0,0,0,0,0,0,0,0,0,0,0,0,0,0,0,0,0,0,0,0,0,0,0,0,0,0,0
Finland,0,0,4,0,4,3,3,0,0,0,0,8,0,3,0,0,0,0,0,0,0,0,0,4,3,0,0,0,0,0,0,3,0,6,0,0,0,0,8,0,11,6,10,3,3,4,5,0,0,8,0,0,3,3,0,0,3,0,0,0,0,0,0,0,3,4,0,3,0,0,0,6,0,0,3,0,7,3,9,0,3,3,3,3,6,5,0,0,5,4,0,6,4,0,9,3,0,0,4,0,0,3,0,0,3,0,0,0,4,4,0,0,0,3,0,3,3,10,7,0,0,5,3,8,0,0,3,8,0,0,4,3,0,5,0,0,5,5,3,0,0,6,0,3,4,4,6,6,0,0,0,3,7,7,0,0,0,0,0,3,0,0,0,0,3,6,0,0,3,5,0,0,0,7,0,0,4,0,0,3,4,0,0,0,0,3,0,9,0,10,0,4,3,0,0,3,3,0,5,0,0,0,0,0,5,0,0,3,0,10,3,0,3,0,3,3,0,0,4,3,0,0,0,0,5,0,0,0,0,0,0,0,3,0,0,0,0,0,6,0,0,0,4,0,0,0,0,0,4,0,0,4
Greenland,0,0,0,0,0,0,0,0,0,0,0,0,0,0,0,0,0,0,0,0,0,0,0,0,0,0,0,0,0,0,0,0,0,0,0,0,0,0,0,0,0,0,0,0,0,0,0,0,0,0,0,0,0,0,0,0,0,0,0,0,0,0,0,0,0,0,0,0,0,0,0,0,0,0,0,0,0,0,0,0,0,0,0,0,0,0,0,0,0,0,0,0,0,0,0,0,0,0,0,0,0,0,0,0,0,0,0,0,0,0,0,0,0,0,0,0,0,0,0,0,0,0,0,0,0,0,0,0,0,0,0,0,0,0,0,0,0,0,0,0,0,0,0,0,0,0,0,0,0,0,0,0,0,0,0,0,0,0,0,0,0,0,0,0,0,0,0,0,0,0,0,0,0,0,0,0,0,0,0,0,0,0,0,0,0,0,0,0,0,0,0,0,0,0,0,0,0,0,0,0,0,0,0,0,0,0,0,0,0,0,0,0,0,0,0,0,0,0,0,0,0,0,0,0,0,0,0,0,0,0,0,0,0,0,0,0,0,0,0,0,0,0,0,0,0,0,0,0,0,0,0,0
Iceland,0,0,0,0,0,3,0,3,0,0,0,0,4,0,0,0,0,0,0,0,0,0,0,0,0,0,0,0,0,7,0,0,0,3,3,0,0,5,0,0,4,4,0,0,3,0,0,0,0,0,0,0,0,0,0,0,0,0,0,0,0,0,0,0,0,0,0,0,0,0,0,0,0,0,3,0,0,0,0,0,0,0,0,3,0,0,0,0,3,0,0,0,0,0,0,0,0,0,3,0,0,0,0,0,0,0,0,0,0,3,0,0,3,0,3,3,0,0,3,0,0,0,0,0,0,0,0,0,0,0,0,0,0,3,0,3,6,0,0,0,0,0,0,3,0,0,0,0,0,0,0,0,0,0,0,0,0,0,0,0,0,0,0,0,4,3,0,0,0,3,0,0,0,0,0,0,0,0,0,0,0,0,0,0,0,0,0,0,0,0,0,0,0,0,0,0,0,0,0,0,0,0,0,0,0,0,0,0,0,0,0,0,0,0,0,0,0,0,0,0,0,0,0,0,3,0,0,0,0,0,0,0,0,4,0,0,0,0,0,0,0,0,0,3,0,0,0,0,0,0,0,0
Norway,0,0,0,0,5,5,0,3,0,0,0,0,0,0,0,0,0,0,0,0,0,4,0,0,4,0,0,0,0,5,9,13,6,12,15,9,0,9,10,0,20,18,22,0,3,4,0,0,0,0,0,0,0,6,0,6,0,3,5,0,0,0,0,0,0,3,0,0,0,0,0,0,0,0,14,0,5,0,3,3,7,7,3,6,0,3,0,6,5,0,0,9,0,11,0,11,0,3,3,5,3,0,0,0,3,0,0,3,0,0,0,0,0,0,3,0,0,0,3,0,0,0,8,19,0,0,0,6,0,0,5,3,0,4,0,0,3,4,3,0,5,0,0,3,3,9,26,9,3,0,0,0,3,4,0,0,0,0,7,0,0,0,0,0,7,6,0,0,0,0,0,0,0,0,11,0,12,11,0,6,6,8,0,0,7,0,0,3,0,3,4,7,0,3,0,3,0,0,0,0,0,0,0,0,3,0,0,0,0,3,0,0,0,0,0,0,0,0,0,0,0,0,0,0,0,0,0,0,0,0,0,0,0,0,0,0,0,0,0,0,0,0,0,0,0,0,0,0,0,0,0,8
Sweden,3,10,3,0,7,4,0,0,0,3,0,3,3,3,0,0,5,0,3,5,0,0,3,10,0,0,3,0,0,0,7,5,0,7,8,9,0,4,19,6,29,21,8,6,6,8,3,0,0,3,3,0,8,0,0,0,4,3,10,0,0,3,0,0,3,0,0,0,0,3,4,7,7,6,12,0,17,15,11,0,7,3,0,3,4,7,0,12,8,0,0,35,8,11,3,4,9,3,9,0,8,0,6,0,3,0,4,10,3,0,0,0,3,0,8,3,0,3,4,0,0,6,14,7,3,0,4,3,0,0,10,5,0,8,3,3,6,0,0,3,3,3,0,0,14,3,8,3,0,0,0,0,5,8,0,0,0,0,0,6,4,0,4,13,27,24,0,0,4,0,0,0,0,0,9,0,3,9,0,4,12,3,3,0,0,5,3,7,0,10,4,3,7,0,0,5,3,3,0,3,0,4,3,0,7,0,0,3,0,3,5,9,6,0,0,0,0,0,0,3,0,15,0,0,0,0,0,3,0,0,0,3,3,3,0,0,0,0,0,3,0,0,0,3,0,0,0,3,0,0,0,8
Aland Is.,0,0,0,0,0,0,0,0,0,0,0,0,0,0,0,0,0,0,0,0,0,0,0,0,0,0,0,0,0,0,0,0,0,0,0,0,0,0,0,0,0,0,0,0,0,0,0,0,0,0,0,0,0,0,0,0,0,0,0,0,0,0,0,0,0,0,0,0,0,0,0,0,0,0,0,0,0,0,0,0,0,0,0,0,0,0,0,0,0,0,0,0,0,0,0,0,0,0,0,0,0,0,0,0,0,0,0,0,0,0,0,0,0,0,0,0,0,0,0,0,0,0,0,0,0,0,0,0,0,0,0,0,0,0,0,0,0,0,0,0,0,0,0,0,0,0,0,0,0,0,0,0,0,0,0,0,0,0,0,0,0,0,0,0,0,0,0,0,0,0,0,0,0,0,0,0,0,0,0,0,0,0,0,0,0,0,0,0,0,0,0,0,0,0,0,0,0,0,0,0,0,0,0,0,0,0,0,0,0,0,0,0,0,0,0,0,0,0,0,0,0,0,0,0,0,0,0,0,0,0,0,0,0,0,0,0,0,0,0,0,0,0,0,0,0,0,0,0,0,0,0,0
Andorra,0,0,0,0,0,0,0,0,0,0,0,0,0,0,0,0,0,0,0,0,0,0,0,0,0,0,0,0,0,0,0,0,0,0,0,0,0,0,0,0,0,0,0,0,0,0,0,0,0,0,0,0,0,0,0,0,0,0,0,0,0,0,0,0,0,0,0,0,0,0,0,0,0,0,0,0,0,0,0,0,0,0,0,0,0,0,0,0,0,0,0,0,0,0,0,0,0,0,0,0,0,0,0,0,0,0,0,0,0,0,0,0,0,0,0,0,0,0,0,0,0,0,0,0,0,0,0,0,0,0,0,0,0,0,0,0,0,0,0,0,0,0,0,0,0,0,0,0,0,0,0,0,0,0,0,0,0,0,0,0,0,0,0,0,0,0,0,0,0,0,0,0,0,0,0,0,0,0,0,0,0,0,0,0,0,0,0,0,0,0,0,0,0,0,0,0,0,0,0,0,0,0,0,0,0,0,0,0,0,0,0,0,0,0,0,0,0,0,0,0,0,0,0,0,0,0,0,0,0,0,0,0,0,0,0,0,0,0,0,0,0,0,0,0,0,0,0,0,0,0,0,0
Italy,7,37,24,16,47,158,10,25,60,7,0,28,16,154,103,83,20,52,60,36,13,22,19,42,31,11,30,35,31,66,44,29,42,44,63,26,0,292,400,441,288,79,149,169,342,112,627,357,17,24,24,0,27,223,0,125,115,15,60,12,31,46,0,0,128,245,28,48,0,40,34,115,113,36,59,17,44,91,55,52,34,86,47,783,108,714,0,153,205,222,0,114,717,44,396,93,406,93,34,9,35,62,186,213,40,0,35,165,28,49,0,24,27,95,57,57,10,112,198,0,0,236,190,199,49,0,236,58,56,0,72,116,73,72,40,164,118,87,49,157,207,20,27,18,79,64,110,63,67,0,0,223,49,508,0,16,0,6,56,464,28,13,67,125,418,584,0,17,13,16,3,0,0,29,68,17,132,106,36,45,187,247,18,67,49,25,30,64,0,31,28,18,18,22,6,19,16,14,28,7,0,3,3,0,22,3,0,8,0,77,14,14,52,9,0,0,4,9,4,14,3,5,3,4,104,9,5,4,3,25,14,9,34,6,0,9,4,0,25,22,9,6,26,18,15,9,10,10,18,6,0,30
Malta,3,3,0,0,6,10,0,3,4,0,0,0,3,0,4,0,0,0,0,0,5,3,0,8,3,3,5,0,3,0,6,0,0,0,3,3,0,7,4,5,6,3,6,43,18,10,22,11,0,7,0,0,8,3,0,13,12,3,22,0,0,11,0,0,0,5,4,4,0,6,3,8,5,3,0,4,4,6,0,6,11,3,7,16,13,3,0,0,15,3,0,5,8,3,9,3,3,6,9,5,4,6,11,9,13,0,3,11,4,10,0,4,4,5,0,0,8,9,3,0,0,8,10,5,0,0,3,8,3,0,7,0,4,7,6,7,15,10,6,8,9,0,3,5,3,0,7,0,3,0,0,4,5,4,0,0,0,0,3,11,5,0,3,3,3,12,0,0,0,0,0,0,0,10,3,0,10,6,0,3,3,5,0,0,4,8,7,14,0,3,4,6,3,0,0,0,0,0,3,3,0,0,0,0,3,4,0,5,0,6,0,0,6,0,0,0,0,3,0,7,0,0,0,0,3,3,3,3,0,0,0,0,3,3,0,0,0,0,5,0,0,0,3,5,0,0,0,0,0,0,0,3
Portugal,0,4,4,5,8,3,0,0,0,0,0,0,0,0,6,0,0,0,0,0,3,0,3,0,0,0,0,0,0,0,3,0,0,3,4,3,0,3,8,0,22,4,8,9,9,10,18,7,3,0,0,0,3,3,0,8,15,0,19,0,0,6,0,0,0,6,0,0,0,11,7,4,0,4,12,3,4,9,3,12,0,3,3,12,3,14,0,8,7,11,0,4,7,7,5,3,3,3,19,3,6,0,11,8,16,0,4,6,3,3,0,0,4,0,7,0,14,3,3,0,0,14,0,6,9,0,4,5,4,0,7,16,12,5,7,7,13,4,0,0,0,0,3,0,12,5,11,60,93,0,0,162,52,166,0,6,0,0,80,233,74,0,123,18,84,145,0,6,19,11,0,0,0,26,12,7,21,9,8,11,30,60,10,9,21,12,13,30,0,7,17,23,12,0,0,64,0,0,4,3,0,0,3,0,0,0,0,0,0,5,0,3,0,0,0,3,0,10,5,23,0,0,7,0,0,0,0,0,0,0,0,0,0,0,0,3,0,0,0,0,0,0,0,0,0,0,0,0,0,0,0,9
Spain,0,7,3,0,8,17,0,4,0,0,0,0,6,0,0,0,0,0,0,0,3,0,4,6,3,0,5,5,0,0,0,8,0,9,3,3,0,16,15,12,40,14,14,3,18,8,4,7,0,0,0,0,0,4,0,14,6,0,3,0,0,0,0,0,0,4,0,4,0,6,10,13,5,13,14,0,10,7,16,11,4,13,8,16,10,9,0,12,14,11,0,15,17,6,0,3,17,13,6,3,6,14,25,15,8,0,8,12,0,4,0,0,3,5,3,0,4,3,9,0,0,8,10,10,0,0,0,4,4,0,9,10,3,14,14,11,7,5,4,8,3,0,4,0,9,3,10,5,9,0,0,9,9,8,0,3,0,0,6,16,5,0,9,12,22,13,0,0,3,0,0,0,0,12,9,0,3,11,0,4,18,8,3,0,12,3,3,22,0,3,13,3,3,0,0,0,0,0,0,0,0,3,0,0,3,0,0,0,0,0,0,3,3,0,0,0,0,0,3,6,0,0,0,0,5,0,0,0,0,0,0,0,0,0,0,0,0,0,0,0,0,0,3,0,0,0,0,0,0,0,0,0
Albania,0,0,0,0,0,0,0,0,0,0,0,0,0,0,4,0,0,0,0,0,0,0,0,0,0,0,0,0,0,0,0,0,0,0,0,0,0,0,0,0,0,0,0,0,0,0,40,3,0,0,0,0,0,0,0,0,4,0,0,0,0,0,0,0,0,0,0,0,0,0,0,0,0,0,0,0,0,0,0,0,0,0,0,0,18,11,0,0,0,0,0,0,0,0,4,0,4,0,0,0,0,3,0,0,0,0,0,0,0,0,0,0,0,0,0,0,0,0,0,0,0,0,0,0,0,0,0,0,0,0,0,0,0,0,0,0,0,0,0,0,0,0,0,0,0,0,0,0,0,0,0,0,0,0,0,0,0,0,0,0,0,0,0,0,0,0,0,0,0,0,0,0,0,0,0,0,3,0,0,0,3,3,0,0,0,0,0,0,0,0,0,0,0,0,0,0,0,0,0,0,0,0,0,0,0,0,0,0,0,0,0,0,0,0,0,0,0,0,0,0,0,0,0,0,0,0,0,0,0,0,0,0,0,0,0,0,0,0,0,0,0,0,0,0,3,0,0,3,0,0,0,0
Bosnia and Herzegovina,0,0,0,0,0,8,0,0,0,0,0,0,0,0,0,0,0,0,4,0,0,0,3,4,0,0,0,0,0,0,0,0,0,13,5,0,0,3,22,11,65,23,28,34,64,34,104,33,0,0,0,0,0,6,0,79,142,0,18,0,0,78,0,0,9,15,17,0,0,20,4,6,10,4,15,4,5,11,11,6,8,6,7,62,209,107,0,16,10,70,0,7,30,3,46,0,49,75,10,7,31,47,115,48,3,0,6,12,0,9,0,0,0,3,3,0,3,3,7,0,0,22,15,14,8,0,8,0,0,0,6,27,8,28,7,9,9,3,0,3,3,0,0,3,19,8,8,22,22,0,0,34,5,48,0,0,0,3,22,91,23,0,47,3,20,33,0,0,4,3,0,0,0,7,11,0,13,11,0,0,10,13,9,14,5,8,11,59,0,10,4,16,5,0,0,5,0,6,3,3,0,3,0,0,0,0,0,0,0,0,0,0,0,0,0,0,0,0,6,12,0,4,0,3,0,0,0,0,0,0,0,0,0,0,0,0,0,0,0,0,0,0,3,3,0,0,0,0,0,3,0,0
Bulgaria,0,0,0,0,0,3,0,0,0,0,0,0,0,0,0,0,0,0,0,0,0,0,0,0,0,0,0,0,0,0,0,0,0,3,6,3,0,0,0,7,19,11,3,4,0,5,3,0,3,0,0,0,0,5,0,3,7,0,3,0,0,0,0,0,0,3,0,0,0,3,0,5,0,0,0,0,0,0,0,4,0,0,0,4,4,6,0,5,9,7,0,3,10,0,3,3,14,0,0,0,4,0,3,0,3,0,0,0,0,0,0,0,0,0,0,0,0,0,0,0,0,15,0,4,0,0,0,6,3,0,7,0,0,0,0,0,3,0,0,4,0,0,3,0,3,0,7,0,0,0,0,0,0,4,0,0,0,0,0,0,3,0,0,0,0,0,0,0,0,0,0,0,0,0,4,0,0,4,0,0,0,0,3,0,0,0,0,3,0,0,0,0,0,0,0,0,0,0,0,0,0,0,0,0,0,0,0,0,0,0,0,0,0,0,0,0,0,0,0,0,0,0,0,0,0,0,0,0,0,0,0,0,0,0,0,0,0,0,7,0,0,0,0,0,0,0,0,0,0,0,0,0
Croatia,0,5,0,0,3,15,0,4,3,0,0,0,6,3,3,3,4,3,9,0,3,8,4,8,6,0,9,9,0,0,3,6,10,12,19,4,0,13,27,24,48,30,33,71,37,45,83,47,0,8,3,0,3,59,0,56,73,3,27,0,14,75,0,0,85,80,7,35,0,20,16,20,35,7,13,8,23,20,13,4,10,28,9,109,78,87,0,31,40,51,0,23,150,8,64,16,39,96,12,4,5,33,89,79,26,0,12,56,4,12,0,0,9,7,13,0,6,24,22,0,0,44,14,23,4,0,24,9,12,0,23,27,11,23,9,34,25,8,13,22,10,4,3,3,20,21,13,24,80,0,0,247,37,164,0,7,0,4,72,391,70,36,97,15,62,117,0,0,22,7,3,0,0,41,17,9,36,16,3,9,32,82,14,14,24,14,21,61,0,23,8,15,10,0,0,40,5,3,30,7,0,5,3,0,7,0,0,7,0,4,0,5,0,0,3,0,0,5,3,11,9,11,4,14,7,0,0,9,0,0,0,0,0,0,0,3,0,0,0,3,0,3,6,0,0,0,0,0,0,0,3,3
Cyprus,0,0,3,0,0,4,0,0,0,0,0,0,3,3,3,0,0,0,0,0,0,0,0,0,0,0,0,0,0,3,0,5,0,4,5,0,0,0,3,0,9,6,3,0,0,0,3,3,0,3,0,0,3,0,0,8,0,0,0,0,0,0,0,0,0,0,0,6,0,0,3,3,0,4,7,3,5,4,3,5,0,4,3,7,0,11,0,6,4,4,0,0,8,0,3,3,4,4,7,0,7,0,4,4,0,0,3,7,5,0,0,0,0,0,0,3,5,3,0,0,0,3,3,5,3,0,3,14,0,0,3,8,5,0,6,3,8,3,0,8,0,5,0,0,4,3,4,0,0,0,0,0,0,4,0,5,0,0,0,0,3,0,0,0,0,0,0,0,0,0,0,0,0,6,4,0,0,3,7,0,3,3,0,3,0,0,0,3,0,6,4,4,3,0,0,0,0,0,0,0,0,0,0,0,0,0,0,0,0,3,0,0,0,0,0,0,0,0,0,3,3,0,0,0,0,0,0,0,0,0,0,0,0,0,0,0,0,0,0,0,0,0,0,4,0,0,0,0,0,0,0,0
The former Yugoslav Republic of Macedonia,0,0,0,0,0,0,0,0,0,0,0,0,0,0,0,0,3,0,25,3,0,0,0,0,0,0,0,0,0,4,3,0,0,0,0,0,0,39,31,53,34,3,16,15,21,13,82,27,6,0,0,0,0,0,0,95,30,0,19,0,0,31,0,0,9,9,0,0,0,9,14,7,25,11,20,13,5,7,4,10,4,11,15,219,239,230,0,17,18,197,0,11,152,3,42,11,89,134,4,3,6,91,258,273,7,0,0,35,3,0,0,0,0,0,0,0,0,5,0,0,0,4,3,0,0,0,0,0,0,0,0,0,3,3,0,3,0,0,0,0,0,0,0,0,8,8,0,0,0,0,0,0,3,8,0,0,0,0,0,0,0,0,5,0,4,8,0,0,0,0,0,0,0,0,0,3,4,4,0,0,4,0,0,3,3,0,0,9,0,8,0,10,0,0,0,8,0,0,3,0,0,3,3,0,0,0,0,0,0,7,0,0,3,0,3,0,0,0,0,17,5,4,7,8,0,0,0,0,0,0,0,0,0,0,0,0,0,0,6,0,0,0,0,0,0,0,0,0,0,0,0,3
Greece,0,6,0,0,0,7,3,4,0,0,0,0,0,0,9,3,0,3,14,4,0,3,0,7,3,3,3,3,0,31,3,8,19,6,21,4,0,67,70,130,62,18,31,8,40,13,92,80,0,3,0,0,8,3,0,16,11,0,10,0,0,10,0,0,0,4,4,3,0,4,6,24,23,3,12,3,10,13,14,16,5,16,9,195,36,202,0,40,36,135,3,11,139,0,59,14,97,26,6,0,4,12,25,39,8,0,6,26,3,3,0,3,0,4,6,0,0,6,11,0,0,27,10,3,0,0,8,7,7,0,11,4,4,8,0,3,11,8,7,4,3,0,0,3,22,12,29,0,0,0,0,3,4,3,0,0,0,0,3,11,3,0,0,3,12,11,0,0,0,0,5,0,0,3,8,0,8,17,6,6,18,16,3,4,0,0,0,4,0,3,4,4,0,0,0,0,3,0,5,3,0,0,0,0,0,0,0,0,0,4,0,3,3,0,0,0,0,3,0,5,0,5,4,0,9,0,0,0,0,0,0,0,0,0,0,3,0,0,4,0,0,0,3,0,3,0,0,0,0,3,0,0
Moldova,0,0,0,0,0,0,0,0,0,0,0,0,0,0,0,0,0,0,0,0,0,0,0,0,0,0,0,0,0,0,0,0,0,0,0,0,0,0,0,0,0,0,0,0,0,0,0,0,0,0,0,0,0,0,0,0,0,0,0,0,0,0,0,0,0,0,0,0,0,0,0,0,0,0,0,0,0,0,0,0,0,0,0,0,0,0,0,0,0,0,0,0,0,0,0,0,0,0,0,5,0,0,0,0,0,0,0,0,0,0,0,0,0,0,0,0,0,0,0,0,0,0,0,0,0,0,0,0,0,0,0,0,3,0,0,0,0,0,0,0,0,0,0,0,0,0,0,0,0,0,0,0,0,0,0,0,0,0,0,0,0,0,0,0,0,0,0,0,0,0,0,0,0,0,0,0,0,0,0,0,0,0,0,0,0,0,0,0,0,0,0,0,0,0,0,0,0,0,0,0,0,0,0,0,0,0,0,0,0,0,0,0,0,0,0,0,0,0,0,0,0,0,0,0,0,0,0,0,0,3,0,0,0,0,0,0,0,0,0,0,0,0,0,0,0,0,0,0,0,0,0,0
Romania,0,0,0,0,6,8,0,0,0,0,0,0,5,0,0,0,0,0,3,0,0,3,0,4,3,0,3,0,7,0,0,0,0,7,0,3,0,3,5,0,21,8,10,10,6,21,28,4,5,4,0,0,0,5,0,70,5,4,24,0,0,7,0,0,7,4,5,0,0,14,3,10,12,12,12,3,12,4,12,11,5,3,0,18,71,27,0,8,8,46,0,3,22,4,15,8,12,52,11,13,9,44,172,52,15,0,7,31,5,8,0,0,0,0,3,6,0,4,18,0,0,20,14,17,13,0,11,3,8,0,9,19,5,11,3,13,13,11,17,3,4,4,3,4,5,8,7,9,5,0,0,11,9,0,0,0,0,3,13,4,6,0,11,0,11,6,0,0,4,7,0,0,0,18,10,4,4,9,0,0,7,4,0,0,3,4,0,5,0,0,0,4,0,0,0,0,0,0,3,0,0,4,3,0,0,0,0,0,0,0,3,0,0,0,0,0,0,3,3,5,3,3,0,4,0,0,0,0,0,0,3,0,5,7,0,0,0,0,3,0,0,0,3,0,0,0,0,0,0,0,0,3
Slovenia,0,3,0,0,0,0,0,0,0,0,0,0,0,0,0,0,0,0,0,0,3,0,7,0,0,0,0,0,0,0,0,0,0,0,0,0,0,0,6,0,6,4,5,7,4,7,4,3,0,0,0,0,0,3,0,0,8,0,4,0,0,3,0,0,0,3,3,0,0,0,0,4,0,0,0,0,0,0,6,0,0,0,0,7,3,15,0,0,3,3,0,0,8,3,3,0,3,3,3,0,0,3,0,3,4,0,5,3,5,0,0,0,0,0,0,0,0,3,0,0,0,0,3,3,0,0,0,3,0,0,4,0,0,0,0,0,0,0,0,0,0,0,0,0,0,0,0,0,0,0,0,3,0,3,0,0,0,0,0,0,4,0,0,0,3,0,0,0,3,3,0,0,0,0,8,0,3,0,0,0,0,0,0,0,3,0,0,0,0,0,0,0,3,0,0,0,0,0,3,7,0,0,0,0,0,0,0,0,0,0,0,0,0,0,0,0,0,0,0,0,0,0,0,0,0,0,0,0,0,0,0,0,0,0,0,0,0,0,3,0,0,0,0,0,0,0,0,0,0,0,0,0
Montenegro,0,0,0,0,0,0,0,0,0,0,0,0,0,0,0,0,0,0,0,0,0,0,0,4,0,0,0,0,0,0,0,0,0,0,0,0,0,0,3,6,4,0,5,0,5,4,13,0,0,0,0,0,0,4,0,3,0,0,0,0,0,3,0,0,0,0,0,0,0,0,0,3,0,0,0,0,0,0,0,4,0,0,0,0,0,11,0,3,0,6,0,0,0,0,0,0,6,3,0,0,0,4,0,0,0,0,0,0,3,0,0,0,0,0,0,0,0,3,0,0,0,0,0,0,0,0,0,0,0,0,0,0,0,0,0,0,0,0,0,0,0,0,0,0,0,0,0,0,5,0,0,0,0,0,0,0,0,0,0,0,0,0,0,0,3,0,0,0,0,0,0,0,0,0,0,0,0,0,0,0,0,3,0,0,0,0,0,7,0,0,0,0,0,0,0,0,0,0,0,3,0,0,0,0,0,0,0,0,0,0,0,0,0,0,0,0,0,0,0,0,0,0,0,3,0,0,0,0,0,0,0,0,0,0,0,0,0,0,0,0,0,0,0,0,0,0,0,0,0,0,0,0
Serbia,0,0,3,0,4,3,0,0,0,0,0,0,3,0,0,0,0,0,0,0,0,0,0,3,0,0,0,0,0,0,0,3,5,7,4,0,0,5,24,12,42,12,18,26,48,23,58,13,0,0,0,0,0,6,0,29,28,0,11,0,0,17,0,0,5,4,6,0,0,8,9,6,17,14,3,0,8,3,7,4,3,4,9,27,41,74,0,28,17,58,0,6,14,5,48,9,25,45,5,5,8,12,31,31,9,0,0,9,3,15,0,0,7,4,0,0,0,13,13,0,0,12,8,8,0,0,0,0,3,0,5,11,21,9,3,3,13,0,6,7,3,0,0,0,9,3,6,5,7,0,0,17,10,32,0,0,0,3,19,34,23,0,10,0,16,31,0,0,8,0,0,0,0,10,0,0,0,3,0,4,4,20,6,7,3,3,22,45,0,11,3,7,4,0,0,3,0,0,3,0,0,3,0,0,0,0,0,0,0,3,0,0,0,0,3,0,0,0,0,6,3,0,4,3,0,0,0,0,0,0,0,0,0,0,0,0,0,0,9,0,0,0,12,0,0,0,0,0,3,0,0,0
Belarus,0,0,0,0,0,3,0,0,0,0,0,0,0,0,0,0,0,0,0,0,0,0,0,0,0,0,0,0,0,0,0,0,0,0,0,0,0,0,3,0,3,0,0,0,3,0,0,3,0,0,0,0,0,0,0,0,0,0,0,0,0,0,0,0,0,0,0,0,0,0,0,0,0,0,0,0,0,3,0,0,0,0,0,0,0,3,0,4,0,0,0,0,0,0,0,0,0,0,0,0,0,0,0,0,0,0,0,4,0,0,0,0,0,0,0,0,0,0,0,0,0,3,0,6,0,0,0,0,0,0,0,0,0,0,0,0,0,0,0,0,0,0,0,0,0,0,0,0,0,0,0,0,0,0,0,0,0,0,0,0,0,0,0,0,0,0,0,0,0,0,0,0,0,0,0,0,0,0,0,0,0,0,0,0,0,4,0,0,0,0,0,4,0,0,0,0,0,0,0,0,0,0,0,0,0,0,0,0,0,0,0,0,0,0,0,0,0,0,0,0,0,0,0,0,0,0,4,0,0,0,0,0,0,0,0,0,0,0,0,0,0,0,0,3,0,0,0,0,0,0,0,0
Czech Rep.,0,3,3,0,0,3,0,3,0,0,0,0,3,0,3,0,0,0,0,4,0,0,3,3,0,0,0,0,0,3,0,0,8,3,4,0,0,4,8,6,22,7,5,5,11,7,8,0,0,0,3,0,4,3,0,7,4,0,0,0,0,3,0,0,0,3,4,0,0,3,13,5,5,10,3,0,7,0,6,3,3,0,0,5,11,7,0,4,9,10,0,15,3,0,9,5,3,10,3,0,10,0,4,0,8,0,0,4,0,3,0,0,3,4,7,3,0,3,3,0,0,3,7,7,8,0,3,6,0,0,4,5,8,3,4,3,3,0,3,3,5,0,3,0,6,4,11,4,8,0,0,0,3,4,0,0,0,0,12,3,3,0,4,3,6,12,0,0,0,0,0,0,0,3,0,0,4,3,0,0,7,5,0,3,0,0,6,10,0,3,0,0,0,0,0,0,0,0,0,5,0,0,0,0,3,0,0,3,0,3,0,0,0,0,3,0,0,3,0,4,0,0,3,0,0,0,0,0,0,0,0,0,0,0,0,0,0,0,0,0,0,0,6,0,0,0,0,0,0,0,0,3
Estonia,0,6,0,0,0,4,0,0,0,0,0,0,0,0,0,0,4,0,0,3,0,0,0,0,0,0,0,0,0,0,0,0,3,0,0,0,0,0,4,0,16,0,0,0,4,5,0,0,0,0,0,0,0,0,0,0,0,0,0,0,0,0,0,0,0,4,0,0,0,0,0,0,0,0,0,0,0,0,0,0,0,0,0,3,5,5,0,0,3,0,0,3,0,0,7,0,9,0,0,0,0,0,0,3,0,0,0,0,0,0,0,0,0,0,3,3,0,3,3,0,0,7,4,0,0,0,3,6,3,0,3,0,3,0,4,0,3,0,0,3,3,3,0,0,0,0,3,0,0,0,0,0,0,0,0,0,0,0,0,0,3,0,0,0,0,0,0,0,0,0,0,0,0,3,0,0,0,5,0,0,0,0,0,0,0,0,0,0,0,0,0,4,0,0,0,3,0,0,0,0,0,0,0,0,0,0,0,6,0,3,0,0,0,0,0,0,0,0,0,3,0,0,0,0,5,0,0,0,0,0,0,0,0,0,0,0,0,0,0,0,0,0,0,0,0,0,0,0,0,0,0,8
Hungary,0,9,3,0,8,3,0,0,0,0,0,0,0,3,0,0,0,0,0,0,0,6,3,3,0,0,4,4,3,4,0,10,0,7,14,9,0,7,16,10,25,15,10,13,8,16,13,4,7,8,3,0,4,10,0,17,6,3,11,3,0,3,0,0,0,6,0,0,0,3,13,9,11,7,12,0,12,3,15,5,5,5,8,13,13,19,0,11,8,29,0,19,5,0,9,12,16,24,4,5,8,11,15,18,8,0,3,19,3,17,0,0,4,5,0,3,3,4,8,0,0,14,10,3,5,0,3,17,10,0,7,17,0,7,3,9,12,22,5,14,3,0,0,0,7,9,14,0,0,0,0,6,0,10,0,0,0,0,16,5,3,0,0,5,6,9,0,0,5,0,0,0,0,3,8,0,10,8,7,3,3,7,0,0,3,8,3,10,0,3,0,3,7,3,3,3,0,0,3,0,0,3,6,0,4,0,0,0,0,5,0,0,3,0,0,0,0,0,4,3,0,0,0,0,7,0,0,0,0,0,0,0,4,0,0,3,4,0,4,3,0,0,6,3,3,0,0,0,0,0,0,0
Latvia,0,8,0,0,0,4,0,0,0,0,0,0,0,0,0,0,0,0,0,0,0,0,0,3,3,0,3,4,0,0,3,0,0,5,4,0,0,4,7,0,11,3,0,0,4,0,11,3,0,0,0,0,0,4,0,0,0,0,3,3,0,0,0,0,0,0,0,0,0,0,0,5,3,0,3,0,5,0,3,0,0,3,0,7,7,9,0,3,11,8,0,3,3,0,0,5,9,0,0,0,0,0,0,0,5,0,3,0,0,0,0,0,0,0,0,3,0,6,4,0,0,5,0,4,0,0,0,0,7,0,3,0,0,3,0,0,0,0,0,3,0,0,0,0,4,4,6,0,0,0,0,5,3,0,0,0,0,0,0,4,0,0,0,0,0,0,0,0,0,0,0,0,0,0,5,0,0,0,0,0,8,0,0,0,0,0,3,3,0,6,0,0,0,0,0,0,0,0,0,0,0,0,0,0,0,0,0,0,0,0,0,0,0,0,0,0,0,0,0,0,0,0,0,0,5,0,0,3,0,0,0,0,4,0,0,0,0,0,0,0,0,0,0,0,3,0,0,0,0,0,0,0
Lithuania,0,0,0,0,0,0,0,0,0,0,0,0,0,0,0,0,0,0,0,0,0,0,0,0,0,0,7,0,0,4,0,0,0,0,4,0,0,0,3,3,7,0,0,3,4,7,0,0,0,0,0,0,0,0,0,0,0,0,0,0,0,0,0,0,0,0,0,0,0,0,0,0,0,0,0,0,0,0,0,0,3,0,0,0,0,0,0,0,4,3,0,0,3,0,0,6,8,0,0,0,0,0,0,0,0,0,0,3,0,0,0,0,0,0,0,0,0,0,3,0,0,6,3,0,0,0,0,0,0,0,4,0,0,0,0,3,0,0,0,0,0,3,0,0,3,0,3,0,0,0,0,0,0,0,0,0,0,0,0,0,3,0,0,4,0,0,0,0,0,0,0,0,0,0,4,0,0,5,0,0,0,0,0,0,0,0,0,0,0,0,0,0,0,3,0,0,0,0,0,0,0,0,0,0,0,0,0,0,0,0,0,0,0,0,0,0,0,0,0,0,0,0,0,0,0,0,0,0,0,0,0,0,0,0,0,0,0,0,0,0,0,0,3,0,0,0,0,0,0,0,0,0
Poland,0,13,4,0,12,54,3,9,34,6,0,10,19,6,34,0,3,3,4,3,3,11,4,15,12,0,11,9,3,13,20,6,11,45,36,16,0,37,99,32,156,55,54,63,132,95,113,40,9,22,14,0,5,38,0,89,47,8,67,0,12,39,0,0,19,46,23,9,0,65,59,47,27,51,45,32,64,35,36,43,29,41,28,46,96,120,0,53,49,82,0,36,75,11,48,41,82,32,49,35,60,16,91,42,42,0,36,73,10,20,0,3,8,20,13,14,8,57,48,0,0,113,49,53,22,0,45,35,42,0,36,54,34,17,15,30,33,37,17,24,14,3,8,0,48,40,32,50,10,0,0,27,25,30,0,7,0,0,38,16,38,0,32,8,41,59,0,0,11,13,0,0,0,20,29,10,25,33,13,18,16,41,21,4,8,10,4,21,0,13,14,9,14,6,0,6,3,3,17,5,0,7,3,0,4,0,0,3,0,5,3,4,4,0,5,3,0,5,7,17,3,4,3,3,25,0,8,10,0,3,0,0,9,4,0,0,0,5,11,10,0,3,32,7,0,3,0,0,17,0,0,7
Russia,0,0,3,0,3,8,0,0,3,0,0,6,3,0,0,0,0,5,0,0,0,0,4,5,0,0,8,7,0,6,13,0,9,8,13,0,0,3,12,3,52,15,16,5,16,21,17,8,0,0,0,0,0,5,0,5,5,0,4,0,0,6,0,0,0,5,0,3,0,8,7,11,5,5,10,0,17,3,11,4,10,6,3,15,4,26,0,18,11,10,0,10,19,9,22,16,12,10,10,10,9,8,12,5,7,0,8,12,0,5,0,0,3,5,3,3,0,11,21,0,0,27,20,14,3,0,14,6,16,0,28,9,10,8,5,7,7,4,6,0,3,0,0,0,27,7,12,8,8,0,0,5,3,3,0,0,0,3,0,8,20,0,4,0,6,9,0,0,0,3,0,0,0,3,7,5,5,15,4,5,13,11,6,4,3,0,3,15,0,4,3,4,0,0,3,0,0,0,4,7,0,0,0,0,0,0,0,0,0,3,0,0,0,0,4,0,0,0,0,3,0,0,0,0,8,0,0,0,4,3,0,0,0,3,0,0,0,0,0,3,0,0,0,0,0,3,0,0,4,0,0,3
Slovakia,0,0,0,0,0,5,0,0,0,0,0,0,0,0,0,0,0,0,0,0,0,0,0,3,0,0,3,0,0,0,0,0,0,3,0,0,0,0,3,0,18,5,6,3,0,6,4,0,0,0,0,0,0,0,0,3,0,0,0,0,3,0,0,0,0,0,0,0,0,3,0,0,7,0,3,0,0,0,3,0,0,0,0,9,3,5,0,0,0,4,0,4,3,0,4,0,3,0,7,3,0,0,7,0,8,0,6,4,0,0,0,0,0,0,0,0,0,0,4,0,0,4,3,4,3,0,0,4,3,0,0,5,7,7,0,3,3,0,0,0,0,0,0,3,7,3,5,5,3,0,0,0,0,0,0,0,0,0,3,7,8,0,0,0,0,3,0,0,0,0,0,0,0,3,3,0,0,0,0,0,3,4,8,0,3,0,0,7,0,0,0,0,0,0,0,0,0,0,0,3,0,0,3,0,0,0,0,0,0,0,0,0,0,0,0,0,0,0,0,0,0,0,0,0,0,0,0,0,0,0,0,0,0,0,0,0,0,0,0,0,4,0,0,0,0,0,0,0,0,0,0,0
Ukraine,0,3,0,0,0,7,0,0,3,0,0,3,0,3,0,4,0,0,4,0,0,0,4,9,4,0,3,0,0,0,8,0,3,5,8,0,0,6,16,7,22,7,8,12,26,18,28,10,0,0,0,0,0,15,0,17,10,0,5,0,3,0,0,0,3,3,0,0,0,0,3,0,3,0,4,0,3,3,4,4,0,9,0,3,7,25,0,12,3,7,0,3,8,0,3,10,13,3,0,5,3,0,10,3,0,0,0,7,3,0,0,0,3,0,0,0,0,7,4,0,0,9,3,3,0,0,5,5,3,0,7,3,0,0,3,7,3,3,3,4,3,0,0,0,5,4,3,4,0,0,0,0,3,9,0,0,0,0,4,0,4,0,0,0,0,0,0,0,3,0,0,0,0,0,6,0,3,9,3,0,3,4,4,3,0,0,0,3,0,3,0,3,0,0,0,0,0,0,0,0,0,0,0,0,0,0,0,0,0,0,0,0,0,0,0,0,0,0,0,0,0,0,0,0,0,0,0,0,0,0,0,0,3,3,0,0,0,0,8,0,0,0,8,0,0,0,4,0,5,0,0,3