TIME, BPLP, STATE, REGIONTYPE, REGION, FREQUENCY, MEASURE_3
"2001","2308","1","SA2","101011001","A",50
"2001","2308","1","SA2","101011002","A",47
"2001","2308","1","SA2","101011003","A",15
"2001","2308","1","SA2","101011004","A",45
"2001","2308","1","SA2","101011005","A",31
"2001","2308","1","SA2","101011006","A",12
"2001","2308","1","SA2","101021007","A",6
"2001","2308","1","SA2","101021008","A",21
"2001","2308","1","SA2","101021009","A",36
"2001","2308","1","SA2","101021010","A",9
"2001","2308","1","SA2","101021011","A",50
"2001","2308","1","SA2","101021012","A",32
"2001","2308","1","SA2","101031013","A",3
"2001","2308","1","SA2","101031014","A",47
"2001","2308","1","SA2","101031015","A",21
"2001","2308","1","SA2","101031016","A",61
"2001","2308","1","SA2","101041017","A",43
"2001","2308","1","SA2","101041018","A",46
"2001","2308","1","SA2","101041019","A",36
"2001","2308","1","SA2","101041020","A",70
"2001","2308","1","SA2","101041021","A",14
"2001","2308","1","SA2","101041022","A",0
"2001","2308","1","SA2","101041023","A",21
"2001","2308","1","SA2","101041024","A",17
"2001","2308","1","SA2","101041025","A",110
"2001","2308","1","SA2","101041026","A",49
"2001","2308","1","SA2","101041027","A",61
"2001","2308","1","SA2","102011028","A",14
"2001","2308","1","SA2","102011029","A",31
"2001","2308","1","SA2","102011030","A",15
"2001","2308","1","SA2","102011031","A",83
"2001","2308","1","SA2","102011032","A",78
"2001","2308","1","SA2","102011033","A",28
"2001","2308","1","SA2","102011034","A",31
"2001","2308","1","SA2","102011035","A",27
"2001","2308","1","SA2","102011036","A",31
"2001","2308","1","SA2","102011037","A",22
"2001","2308","1","SA2","102011038","A",27
"2001","2308","1","SA2","102011039","A",56
"2001","2308","1","SA2","102011040","A",88
"2001","2308","1","SA2","102011041","A",26
"2001","2308","1","SA2","102011042","A",36
"2001","2308","1","SA2","102011043","A",55
"2001","2308","1","SA2","102021044","A",55
"2001","2308","1","SA2","102021045","A",31
"2001","2308","1","SA2","102021046","A",46
"2001","2308","1","SA2","102021047","A",51
"2001","2308","1","SA2","102021048","A",85
"2001","2308","1","SA2","102021049","A",15
"2001","2308","1","SA2","102021050","A",45
"2001","2308","1","SA2","102021051","A",25
"2001","2308","1","SA2","102021052","A",12
"2001","2308","1","SA2","102021053","A",33
"2001","2308","1","SA2","102021054","A",35
"2001","2308","1","SA2","102021055","A",24
"2001","2308","1","SA2","102021056","A",27
"2001","2308","1","SA2","102021057","A",29
"2001","2308","1","SA2","103011058","A",72
"2001","2308","1","SA2","103011059","A",27
"2001","2308","1","SA2","103011060","A",23
"2001","2308","1","SA2","103011061","A",10
"2001","2308","1","SA2","103021062","A",11
"2001","2308","1","SA2","103021063","A",21
"2001","2308","1","SA2","103021064","A",23
"2001","2308","1","SA2","103021065","A",18
"2001","2308","1","SA2","103021066","A",11
"2001","2308","1","SA2","103021067","A",33
"2001","2308","1","SA2","103021068","A",11
"2001","2308","1","SA2","103021069","A",8
"2001","2308","1","SA2","103031070","A",31
"2001","2308","1","SA2","103031071","A",22
"2001","2308","1","SA2","103031072","A",34
"2001","2308","1","SA2","103031073","A",17
"2001","2308","1","SA2","103031074","A",20
"2001","2308","1","SA2","103031075","A",0
"2001","2308","1","SA2","103041076","A",12
"2001","2308","1","SA2","103041077","A",66
"2001","2308","1","SA2","103041078","A",36
"2001","2308","1","SA2","103041079","A",13
"2001","2308","1","SA2","104011080","A",36
"2001","2308","1","SA2","104011081","A",56
"2001","2308","1","SA2","104011082","A",74
"2001","2308","1","SA2","104021083","A",28
"2001","2308","1","SA2","104021084","A",78
"2001","2308","1","SA2","104021085","A",34
"2001","2308","1","SA2","104021086","A",21
"2001","2308","1","SA2","104021087","A",6
"2001","2308","1","SA2","104021088","A",39
"2001","2308","1","SA2","104021089","A",70
"2001","2308","1","SA2","104021090","A",22
"2001","2308","1","SA2","104021091","A",64
"2001","2308","1","SA2","105011092","A",7
"2001","2308","1","SA2","105011093","A",9
"2001","2308","1","SA2","105011094","A",3
"2001","2308","1","SA2","105011095","A",8
"2001","2308","1","SA2","105011096","A",17
"2001","2308","1","SA2","105021097","A",30
"2001","2308","1","SA2","105021098","A",7
"2001","2308","1","SA2","105031099","A",34
"2001","2308","1","SA2","105031100","A",18
"2001","2308","1","SA2","105031101","A",26
"2001","2308","1","SA2","105031102","A",13
"2001","2308","1","SA2","105031103","A",13
"2001","2308","1","SA2","105031104","A",12
"2001","2308","1","SA2","105031105","A",7
"2001","2308","1","SA2","105031106","A",34
"2001","2308","1","SA2","106011107","A",24
"2001","2308","1","SA2","106011108","A",37
"2001","2308","1","SA2","106011109","A",26
"2001","2308","1","SA2","106011110","A",19
"2001","2308","1","SA2","106011111","A",28
"2001","2308","1","SA2","106011112","A",35
"2001","2308","1","SA2","106011113","A",15
"2001","2308","1","SA2","106021114","A",6
"2001","2308","1","SA2","106021115","A",48
"2001","2308","1","SA2","106021116","A",14
"2001","2308","1","SA2","106021117","A",24
"2001","2308","1","SA2","106021118","A",12
"2001","2308","1","SA2","106031119","A",28
"2001","2308","1","SA2","106031120","A",21
"2001","2308","1","SA2","106031121","A",73
"2001","2308","1","SA2","106031122","A",34
"2001","2308","1","SA2","106031123","A",8
"2001","2308","1","SA2","106031124","A",15
"2001","2308","1","SA2","106031125","A",37
"2001","2308","1","SA2","106041126","A",26
"2001","2308","1","SA2","106041127","A",15
"2001","2308","1","SA2","106041128","A",9
"2001","2308","1","SA2","106041129","A",15
"2001","2308","1","SA2","107011130","A",108
"2001","2308","1","SA2","107011131","A",147
"2001","2308","1","SA2","107011132","A",18
"2001","2308","1","SA2","107011133","A",0
"2001","2308","1","SA2","107011134","A",80
"2001","2308","1","SA2","107021135","A",0
"2001","2308","1","SA2","107031136","A",61
"2001","2308","1","SA2","107031137","A",68
"2001","2308","1","SA2","107031138","A",28
"2001","2308","1","SA2","107031139","A",19
"2001","2308","1","SA2","107031140","A",21
"2001","2308","1","SA2","107031141","A",24
"2001","2308","1","SA2","107031142","A",80
"2001","2308","1","SA2","107031143","A",100
"2001","2308","1","SA2","107041144","A",133
"2001","2308","1","SA2","107041145","A",140
"2001","2308","1","SA2","107041146","A",105
"2001","2308","1","SA2","107041147","A",21
"2001","2308","1","SA2","107041148","A",47
"2001","2308","1","SA2","107041149","A",95
"2001","2308","1","SA2","107041150","A",138
"2001","2308","1","SA2","108011151","A",12
"2001","2308","1","SA2","108011152","A",41
"2001","2308","1","SA2","108011153","A",36
"2001","2308","1","SA2","108011154","A",27
"2001","2308","1","SA2","108021155","A",27
"2001","2308","1","SA2","108021156","A",32
"2001","2308","1","SA2","108021157","A",15
"2001","2308","1","SA2","108021158","A",34
"2001","2308","1","SA2","108021159","A",17
"2001","2308","1","SA2","108021160","A",16
"2001","2308","1","SA2","108031161","A",0
"2001","2308","1","SA2","108041162","A",80
"2001","2308","1","SA2","108041163","A",129
"2001","2308","1","SA2","108041164","A",66
"2001","2308","1","SA2","108041165","A",14
"2001","2308","1","SA2","108041166","A",32
"2001","2308","1","SA2","108051167","A",13
"2001","2308","1","SA2","108051168","A",44
"2001","2308","1","SA2","108051169","A",70
"2001","2308","1","SA2","108051170","A",56
"2001","2308","1","SA2","108051171","A",20
"2001","2308","1","SA2","109011172","A",38
"2001","2308","1","SA2","109011173","A",39
"2001","2308","1","SA2","109011174","A",64
"2001","2308","1","SA2","109011175","A",56
"2001","2308","1","SA2","109011176","A",87
"2001","2308","1","SA2","109021177","A",0
"2001","2308","1","SA2","109021178","A",15
"2001","2308","1","SA2","109021179","A",6
"2001","2308","1","SA2","109031180","A",17
"2001","2308","1","SA2","109031181","A",26
"2001","2308","1","SA2","109031182","A",13
"2001","2308","1","SA2","109031183","A",21
"2001","2308","1","SA2","109031184","A",23
"2001","2308","1","SA2","109031185","A",50
"2001","2308","1","SA2","110011186","A",59
"2001","2308","1","SA2","110011187","A",3
"2001","2308","1","SA2","110011188","A",21
"2001","2308","1","SA2","110011189","A",5
"2001","2308","1","SA2","110021190","A",29
"2001","2308","1","SA2","110021191","A",14
"2001","2308","1","SA2","110021192","A",4
"2001","2308","1","SA2","110021193","A",10
"2001","2308","1","SA2","110021194","A",17
"2001","2308","1","SA2","110031195","A",21
"2001","2308","1","SA2","110031196","A",11
"2001","2308","1","SA2","110031197","A",17
"2001","2308","1","SA2","110031198","A",10
"2001","2308","1","SA2","110041199","A",22
"2001","2308","1","SA2","110041200","A",8
"2001","2308","1","SA2","110041201","A",20
"2001","2308","1","SA2","110041202","A",39
"2001","2308","1","SA2","110041203","A",27
"2001","2308","1","SA2","110041204","A",3
"2001","2308","1","SA2","110041205","A",51
"2001","2308","1","SA2","111011206","A",32
"2001","2308","1","SA2","111011207","A",13
"2001","2308","1","SA2","111011208","A",69
"2001","2308","1","SA2","111011209","A",86
"2001","2308","1","SA2","111011210","A",37
"2001","2308","1","SA2","111011211","A",13
"2001","2308","1","SA2","111011212","A",34
"2001","2308","1","SA2","111011213","A",35
"2001","2308","1","SA2","111011214","A",52
"2001","2308","1","SA2","111021215","A",33
"2001","2308","1","SA2","111021216","A",44
"2001","2308","1","SA2","111021217","A",26
"2001","2308","1","SA2","111021218","A",56
"2001","2308","1","SA2","111021219","A",61
"2001","2308","1","SA2","111021220","A",38
"2001","2308","1","SA2","111021221","A",20
"2001","2308","1","SA2","111031222","A",22
"2001","2308","1","SA2","111031223","A",28
"2001","2308","1","SA2","111031224","A",18
"2001","2308","1","SA2","111031225","A",23
"2001","2308","1","SA2","111031226","A",13
"2001","2308","1","SA2","111031227","A",27
"2001","2308","1","SA2","111031228","A",14
"2001","2308","1","SA2","111031229","A",24
"2001","2308","1","SA2","111031230","A",0
"2001","2308","1","SA2","111031231","A",12
"2001","2308","1","SA2","111031232","A",18
"2001","2308","1","SA2","111031233","A",41
"2001","2308","1","SA2","111031234","A",16
"2001","2308","1","SA2","111031235","A",11
"2001","2308","1","SA2","112011236","A",57
"2001","2308","1","SA2","112011237","A",59
"2001","2308","1","SA2","112011238","A",30
"2001","2308","1","SA2","112011239","A",48
"2001","2308","1","SA2","112011240","A",36
"2001","2308","1","SA2","112011241","A",14
"2001","2308","1","SA2","112011242","A",17
"2001","2308","1","SA2","112011243","A",38
"2001","2308","1","SA2","112021244","A",23
"2001","2308","1","SA2","112021245","A",13
"2001","2308","1","SA2","112021246","A",14
"2001","2308","1","SA2","112021247","A",23
"2001","2308","1","SA2","112021248","A",36
"2001","2308","1","SA2","112021249","A",45
"2001","2308","1","SA2","112031250","A",45
"2001","2308","1","SA2","112031251","A",28
"2001","2308","1","SA2","112031252","A",65
"2001","2308","1","SA2","112031253","A",28
"2001","2308","1","SA2","112031254","A",88
"2001","2308","1","SA2","112031255","A",108
"2001","2308","1","SA2","113011256","A",20
"2001","2308","1","SA2","113011257","A",26
"2001","2308","1","SA2","113011258","A",17
"2001","2308","1","SA2","113011259","A",15
"2001","2308","1","SA2","113021260","A",23
"2001","2308","1","SA2","113021261","A",12
"2001","2308","1","SA2","113021262","A",21
"2001","2308","1","SA2","113031263","A",9
"2001","2308","1","SA2","113031264","A",7
"2001","2308","1","SA2","113031265","A",11
"2001","2308","1","SA2","113031266","A",14
"2001","2308","1","SA2","113031267","A",60
"2001","2308","1","SA2","113031268","A",3
"2001","2308","1","SA2","113031269","A",40
"2001","2308","1","SA2","113031270","A",33
"2001","2308","1","SA2","113031271","A",32
"2001","2308","1","SA2","114011272","A",45
"2001","2308","1","SA2","114011273","A",24
"2001","2308","1","SA2","114011274","A",17
"2001","2308","1","SA2","114011275","A",0
"2001","2308","1","SA2","114011276","A",14
"2001","2308","1","SA2","114011277","A",80
"2001","2308","1","SA2","114011278","A",70
"2001","2308","1","SA2","114011279","A",67
"2001","2308","1","SA2","114011280","A",22
"2001","2308","1","SA2","114011281","A",9
"2001","2308","1","SA2","114011282","A",43
"2001","2308","1","SA2","114011283","A",29
"2001","2308","1","SA2","114021284","A",66
"2001","2308","1","SA2","114021285","A",27
"2001","2308","1","SA2","114021286","A",45
"2001","2308","1","SA2","114021287","A",29
"2001","2308","1","SA2","114021288","A",19
"2001","2308","1","SA2","114021289","A",27
"2001","2308","1","SA2","115011290","A",62
"2001","2308","1","SA2","115011291","A",63
"2001","2308","1","SA2","115011292","A",102
"2001","2308","1","SA2","115011293","A",87
"2001","2308","1","SA2","115011294","A",34
"2001","2308","1","SA2","115011295","A",34
"2001","2308","1","SA2","115011296","A",21
"2001","2308","1","SA2","115021297","A",104
"2001","2308","1","SA2","115021298","A",26
"2001","2308","1","SA2","115031299","A",17
"2001","2308","1","SA2","115031300","A",132
"2001","2308","1","SA2","115041301","A",50
"2001","2308","1","SA2","115041302","A",32
"2001","2308","1","SA2","116011303","A",106
"2001","2308","1","SA2","116011304","A",59
"2001","2308","1","SA2","116011305","A",115
"2001","2308","1","SA2","116011306","A",57
"2001","2308","1","SA2","116011307","A",66
"2001","2308","1","SA2","116011308","A",69
"2001","2308","1","SA2","116021309","A",16
"2001","2308","1","SA2","116021310","A",7
"2001","2308","1","SA2","116021311","A",76
"2001","2308","1","SA2","116021312","A",56
"2001","2308","1","SA2","116031313","A",28
"2001","2308","1","SA2","116031314","A",12
"2001","2308","1","SA2","116031315","A",22
"2001","2308","1","SA2","116031316","A",37
"2001","2308","1","SA2","116031317","A",46
"2001","2308","1","SA2","116031318","A",0
"2001","2308","1","SA2","116031319","A",61
"2001","2308","1","SA2","117011320","A",0
"2001","2308","1","SA2","117011321","A",13
"2001","2308","1","SA2","117011322","A",17
"2001","2308","1","SA2","117011323","A",16
"2001","2308","1","SA2","117011324","A",0
"2001","2308","1","SA2","117011325","A",0
"2001","2308","1","SA2","117021326","A",27
"2001","2308","1","SA2","117021327","A",27
"2001","2308","1","SA2","117021328","A",10
"2001","2308","1","SA2","117031329","A",28
"2001","2308","1","SA2","117031330","A",18
"2001","2308","1","SA2","117031331","A",43
"2001","2308","1","SA2","117031332","A",64
"2001","2308","1","SA2","117031333","A",55
"2001","2308","1","SA2","117031334","A",29
"2001","2308","1","SA2","117031335","A",40
"2001","2308","1","SA2","117031336","A",36
"2001","2308","1","SA2","117031337","A",45
"2001","2308","1","SA2","117031338","A",13
"2001","2308","1","SA2","118011339","A",55
"2001","2308","1","SA2","118011340","A",48
"2001","2308","1","SA2","118011341","A",36
"2001","2308","1","SA2","118011342","A",0
"2001","2308","1","SA2","118011343","A",67
"2001","2308","1","SA2","118011344","A",23
"2001","2308","1","SA2","118011345","A",49
"2001","2308","1","SA2","118011346","A",28
"2001","2308","1","SA2","118011347","A",25
"2001","2308","1","SA2","118021348","A",48
"2001","2308","1","SA2","118021349","A",36
"2001","2308","1","SA2","118021350","A",29
"2001","2308","1","SA2","118021351","A",47
"2001","2308","1","SA2","118021352","A",54
"2001","2308","1","SA2","119011353","A",13
"2001","2308","1","SA2","119011354","A",24
"2001","2308","1","SA2","119011355","A",0
"2001","2308","1","SA2","119011356","A",14
"2001","2308","1","SA2","119011357","A",28
"2001","2308","1","SA2","119011358","A",31
"2001","2308","1","SA2","119011359","A",32
"2001","2308","1","SA2","119011360","A",23
"2001","2308","1","SA2","119011361","A",16
"2001","2308","1","SA2","119021362","A",11
"2001","2308","1","SA2","119021363","A",8
"2001","2308","1","SA2","119021364","A",24
"2001","2308","1","SA2","119021365","A",13
"2001","2308","1","SA2","119021366","A",10
"2001","2308","1","SA2","119021367","A",6
"2001","2308","1","SA2","119031368","A",28
"2001","2308","1","SA2","119031369","A",42
"2001","2308","1","SA2","119031370","A",9
"2001","2308","1","SA2","119031371","A",21
"2001","2308","1","SA2","119031372","A",27
"2001","2308","1","SA2","119031373","A",8
"2001","2308","1","SA2","119031374","A",30
"2001","2308","1","SA2","119041375","A",18
"2001","2308","1","SA2","119041376","A",25
"2001","2308","1","SA2","119041377","A",10
"2001","2308","1","SA2","119041378","A",13
"2001","2308","1","SA2","119041379","A",9
"2001","2308","1","SA2","119041380","A",21
"2001","2308","1","SA2","119041381","A",10
"2001","2308","1","SA2","119041382","A",13
"2001","2308","1","SA2","120011383","A",25
"2001","2308","1","SA2","120011384","A",28
"2001","2308","1","SA2","120011385","A",28
"2001","2308","1","SA2","120011386","A",30
"2001","2308","1","SA2","120021387","A",70
"2001","2308","1","SA2","120021388","A",65
"2001","2308","1","SA2","120021389","A",35
"2001","2308","1","SA2","120031390","A",30
"2001","2308","1","SA2","120031391","A",27
"2001","2308","1","SA2","120031392","A",3
"2001","2308","1","SA2","120031393","A",17
"2001","2308","1","SA2","120031394","A",22
"2001","2308","1","SA2","120031395","A",29
"2001","2308","1","SA2","120031396","A",9
"2001","2308","1","SA2","120031397","A",33
"2001","2308","1","SA2","121011398","A",49
"2001","2308","1","SA2","121011399","A",46
"2001","2308","1","SA2","121011400","A",79
"2001","2308","1","SA2","121011401","A",13
"2001","2308","1","SA2","121011402","A",75
"2001","2308","1","SA2","121021403","A",88
"2001","2308","1","SA2","121021404","A",77
"2001","2308","1","SA2","121021405","A",78
"2001","2308","1","SA2","121021406","A",51
"2001","2308","1","SA2","121031407","A",52
"2001","2308","1","SA2","121031408","A",56
"2001","2308","1","SA2","121031409","A",43
"2001","2308","1","SA2","121031410","A",77
"2001","2308","1","SA2","121031411","A",67
"2001","2308","1","SA2","121031412","A",56
"2001","2308","1","SA2","121041413","A",66
"2001","2308","1","SA2","121041414","A",58
"2001","2308","1","SA2","121041415","A",97
"2001","2308","1","SA2","121041416","A",68
"2001","2308","1","SA2","121041417","A",39
"2001","2308","1","SA2","122011418","A",69
"2001","2308","1","SA2","122011419","A",90
"2001","2308","1","SA2","122021420","A",67
"2001","2308","1","SA2","122021421","A",82
"2001","2308","1","SA2","122021422","A",72
"2001","2308","1","SA2","122021423","A",174
"2001","2308","1","SA2","122031424","A",77
"2001","2308","1","SA2","122031425","A",47
"2001","2308","1","SA2","122031426","A",108
"2001","2308","1","SA2","122031427","A",62
"2001","2308","1","SA2","122031428","A",112
"2001","2308","1","SA2","122031429","A",71
"2001","2308","1","SA2","122031430","A",62
"2001","2308","1","SA2","122031431","A",152
"2001","2308","1","SA2","122031432","A",33
"2001","2308","1","SA2","123011433","A",53
"2001","2308","1","SA2","123011434","A",29
"2001","2308","1","SA2","123011435","A",29
"2001","2308","1","SA2","123021436","A",70
"2001","2308","1","SA2","123021437","A",28
"2001","2308","1","SA2","123021438","A",38
"2001","2308","1","SA2","123021439","A",0
"2001","2308","1","SA2","123021440","A",47
"2001","2308","1","SA2","123021441","A",64
"2001","2308","1","SA2","123021442","A",49
"2001","2308","1","SA2","123021443","A",44
"2001","2308","1","SA2","123021444","A",43
"2001","2308","1","SA2","123031445","A",23
"2001","2308","1","SA2","123031446","A",32
"2001","2308","1","SA2","123031447","A",71
"2001","2308","1","SA2","123031448","A",27
"2001","2308","1","SA2","124011449","A",35
"2001","2308","1","SA2","124011450","A",137
"2001","2308","1","SA2","124011451","A",0
"2001","2308","1","SA2","124011452","A",68
"2001","2308","1","SA2","124011453","A",86
"2001","2308","1","SA2","124011454","A",132
"2001","2308","1","SA2","124011455","A",33
"2001","2308","1","SA2","124021456","A",0
"2001","2308","1","SA2","124031457","A",64
"2001","2308","1","SA2","124031458","A",62
"2001","2308","1","SA2","124031459","A",99
"2001","2308","1","SA2","124031460","A",64
"2001","2308","1","SA2","124031461","A",117
"2001","2308","1","SA2","124031462","A",58
"2001","2308","1","SA2","124031463","A",51
"2001","2308","1","SA2","124031464","A",68
"2001","2308","1","SA2","124031465","A",34
"2001","2308","1","SA2","124041466","A",100
"2001","2308","1","SA2","124041467","A",67
"2001","2308","1","SA2","124041468","A",54
"2001","2308","1","SA2","124051469","A",12
"2001","2308","1","SA2","124051470","A",47
"2001","2308","1","SA2","124051471","A",144
"2001","2308","1","SA2","125011472","A",9
"2001","2308","1","SA2","125011473","A",6
"2001","2308","1","SA2","125011474","A",19
"2001","2308","1","SA2","125011475","A",0
"2001","2308","1","SA2","125021476","A",55
"2001","2308","1","SA2","125021477","A",45
"2001","2308","1","SA2","125021478","A",36
"2001","2308","1","SA2","125031479","A",49
"2001","2308","1","SA2","125031480","A",14
"2001","2308","1","SA2","125031481","A",24
"2001","2308","1","SA2","125031482","A",54
"2001","2308","1","SA2","125031483","A",12
"2001","2308","1","SA2","125031484","A",37
"2001","2308","1","SA2","125031485","A",35
"2001","2308","1","SA2","125031486","A",0
"2001","2308","1","SA2","125031487","A",0
"2001","2308","1","SA2","125041488","A",26
"2001","2308","1","SA2","125041489","A",43
"2001","2308","1","SA2","125041490","A",17
"2001","2308","1","SA2","125041491","A",37
"2001","2308","1","SA2","125041492","A",21
"2001","2308","1","SA2","125041493","A",55
"2001","2308","1","SA2","125041494","A",34
"2001","2308","1","SA2","126011495","A",68
"2001","2308","1","SA2","126011496","A",64
"2001","2308","1","SA2","126021497","A",46
"2001","2308","1","SA2","126021498","A",33
"2001","2308","1","SA2","126021499","A",32
"2001","2308","1","SA2","126021500","A",28
"2001","2308","1","SA2","126021501","A",37
"2001","2308","1","SA2","126021502","A",53
"2001","2308","1","SA2","126021503","A",30
"2001","2308","1","SA2","127011504","A",33
"2001","2308","1","SA2","127011505","A",17
"2001","2308","1","SA2","127011506","A",28
"2001","2308","1","SA2","127011507","A",19
"2001","2308","1","SA2","127011508","A",17
"2001","2308","1","SA2","127021509","A",13
"2001","2308","1","SA2","127021510","A",16
"2001","2308","1","SA2","127021511","A",18
"2001","2308","1","SA2","127021512","A",25
"2001","2308","1","SA2","127021513","A",18
"2001","2308","1","SA2","127021514","A",10
"2001","2308","1","SA2","127021515","A",21
"2001","2308","1","SA2","127021516","A",42
"2001","2308","1","SA2","127021517","A",6
"2001","2308","1","SA2","127021518","A",3
"2001","2308","1","SA2","127021519","A",48
"2001","2308","1","SA2","127021520","A",4
"2001","2308","1","SA2","127021521","A",0
"2001","2308","1","SA2","127031522","A",13
"2001","2308","1","SA2","127031523","A",34
"2001","2308","1","SA2","127031524","A",25
"2001","2308","1","SA2","127031525","A",47
"2001","2308","1","SA2","127031526","A",28
"2001","2308","1","SA2","128011527","A",67
"2001","2308","1","SA2","128011528","A",107
"2001","2308","1","SA2","128011529","A",50
"2001","2308","1","SA2","128011530","A",77
"2001","2308","1","SA2","128011531","A",53
"2001","2308","1","SA2","128021532","A",111
"2001","2308","1","SA2","128021533","A",44
"2001","2308","1","SA2","128021534","A",33
"2001","2308","1","SA2","128021535","A",50
"2001","2308","1","SA2","128021536","A",73
"2001","2308","1","SA2","128021537","A",0
"2001","2308","1","SA2","128021538","A",65
"2001","2308","1","SA2","197979799","A",6
"2001","2308","2","SA2","201011001","A",32
"2001","2308","2","SA2","201011002","A",60
"2001","2308","2","SA2","201011003","A",130
"2001","2308","2","SA2","201011004","A",153
"2001","2308","2","SA2","201011005","A",46
"2001","2308","2","SA2","201011006","A",32
"2001","2308","2","SA2","201011007","A",19
"2001","2308","2","SA2","201011008","A",109
"2001","2308","2","SA2","201021009","A",28
"2001","2308","2","SA2","201021010","A",104
"2001","2308","2","SA2","201021011","A",46
"2001","2308","2","SA2","201021012","A",38
"2001","2308","2","SA2","201031013","A",13
"2001","2308","2","SA2","201031014","A",25
"2001","2308","2","SA2","201031015","A",38
"2001","2308","2","SA2","201031016","A",19
"2001","2308","2","SA2","201031017","A",36
"2001","2308","2","SA2","202011018","A",33
"2001","2308","2","SA2","202011019","A",34
"2001","2308","2","SA2","202011020","A",24
"2001","2308","2","SA2","202011021","A",21
"2001","2308","2","SA2","202011022","A",46
"2001","2308","2","SA2","202011023","A",12
"2001","2308","2","SA2","202011024","A",17
"2001","2308","2","SA2","202011025","A",13
"2001","2308","2","SA2","202021026","A",38
"2001","2308","2","SA2","202021027","A",33
"2001","2308","2","SA2","202021028","A",35
"2001","2308","2","SA2","202021029","A",21
"2001","2308","2","SA2","202021030","A",36
"2001","2308","2","SA2","202021031","A",44
"2001","2308","2","SA2","202031032","A",9
"2001","2308","2","SA2","202031033","A",30
"2001","2308","2","SA2","203011034","A",21
"2001","2308","2","SA2","203011035","A",51
"2001","2308","2","SA2","203011036","A",39
"2001","2308","2","SA2","203021037","A",91
"2001","2308","2","SA2","203021038","A",399
"2001","2308","2","SA2","203021039","A",104
"2001","2308","2","SA2","203021040","A",139
"2001","2308","2","SA2","203021041","A",94
"2001","2308","2","SA2","203021042","A",139
"2001","2308","2","SA2","203021043","A",128
"2001","2308","2","SA2","203021044","A",73
"2001","2308","2","SA2","203021045","A",131
"2001","2308","2","SA2","203021046","A",71
"2001","2308","2","SA2","203021047","A",109
"2001","2308","2","SA2","203031048","A",74
"2001","2308","2","SA2","203031049","A",21
"2001","2308","2","SA2","203031050","A",137
"2001","2308","2","SA2","203031051","A",38
"2001","2308","2","SA2","203031052","A",11
"2001","2308","2","SA2","203031053","A",60
"2001","2308","2","SA2","204011054","A",45
"2001","2308","2","SA2","204011055","A",33
"2001","2308","2","SA2","204011056","A",34
"2001","2308","2","SA2","204011057","A",36
"2001","2308","2","SA2","204011058","A",9
"2001","2308","2","SA2","204011059","A",37
"2001","2308","2","SA2","204011060","A",19
"2001","2308","2","SA2","204011061","A",6
"2001","2308","2","SA2","204011062","A",17
"2001","2308","2","SA2","204021063","A",42
"2001","2308","2","SA2","204021064","A",17
"2001","2308","2","SA2","204021065","A",19
"2001","2308","2","SA2","204021066","A",82
"2001","2308","2","SA2","204021067","A",48
"2001","2308","2","SA2","204031068","A",19
"2001","2308","2","SA2","204031069","A",71
"2001","2308","2","SA2","204031070","A",12
"2001","2308","2","SA2","204031071","A",23
"2001","2308","2","SA2","204031072","A",41
"2001","2308","2","SA2","204031073","A",44
"2001","2308","2","SA2","204031074","A",99
"2001","2308","2","SA2","204031075","A",29
"2001","2308","2","SA2","205011076","A",106
"2001","2308","2","SA2","205011077","A",54
"2001","2308","2","SA2","205011078","A",58
"2001","2308","2","SA2","205011079","A",124
"2001","2308","2","SA2","205021080","A",0
"2001","2308","2","SA2","205021081","A",44
"2001","2308","2","SA2","205021082","A",37
"2001","2308","2","SA2","205021083","A",0
"2001","2308","2","SA2","205021084","A",74
"2001","2308","2","SA2","205021085","A",62
"2001","2308","2","SA2","205021086","A",47
"2001","2308","2","SA2","205031087","A",104
"2001","2308","2","SA2","205031088","A",0
"2001","2308","2","SA2","205031089","A",79
"2001","2308","2","SA2","205031090","A",155
"2001","2308","2","SA2","205031091","A",66
"2001","2308","2","SA2","205031092","A",0
"2001","2308","2","SA2","205031093","A",172
"2001","2308","2","SA2","205041094","A",152
"2001","2308","2","SA2","205041095","A",265
"2001","2308","2","SA2","205041096","A",166
"2001","2308","2","SA2","205041097","A",238
"2001","2308","2","SA2","205041098","A",41
"2001","2308","2","SA2","205051099","A",3
"2001","2308","2","SA2","205051100","A",40
"2001","2308","2","SA2","205051101","A",106
"2001","2308","2","SA2","205051102","A",45
"2001","2308","2","SA2","205051103","A",77
"2001","2308","2","SA2","205051104","A",51
"2001","2308","2","SA2","206011105","A",37
"2001","2308","2","SA2","206011106","A",15
"2001","2308","2","SA2","206011107","A",21
"2001","2308","2","SA2","206011108","A",32
"2001","2308","2","SA2","206011109","A",6
"2001","2308","2","SA2","206021110","A",12
"2001","2308","2","SA2","206021111","A",38
"2001","2308","2","SA2","206021112","A",7
"2001","2308","2","SA2","206031113","A",18
"2001","2308","2","SA2","206031114","A",41
"2001","2308","2","SA2","206031115","A",13
"2001","2308","2","SA2","206031116","A",21
"2001","2308","2","SA2","206041117","A",23
"2001","2308","2","SA2","206041118","A",3
"2001","2308","2","SA2","206041119","A",20
"2001","2308","2","SA2","206041120","A",0
"2001","2308","2","SA2","206041121","A",18
"2001","2308","2","SA2","206041122","A",39
"2001","2308","2","SA2","206041123","A",24
"2001","2308","2","SA2","206041124","A",18
"2001","2308","2","SA2","206041125","A",12
"2001","2308","2","SA2","206041126","A",11
"2001","2308","2","SA2","206041127","A",0
"2001","2308","2","SA2","206051128","A",33
"2001","2308","2","SA2","206051129","A",48
"2001","2308","2","SA2","206051130","A",36
"2001","2308","2","SA2","206051131","A",0
"2001","2308","2","SA2","206051132","A",15
"2001","2308","2","SA2","206051133","A",72
"2001","2308","2","SA2","206051134","A",34
"2001","2308","2","SA2","206061135","A",20
"2001","2308","2","SA2","206061136","A",44
"2001","2308","2","SA2","206061137","A",57
"2001","2308","2","SA2","206061138","A",40
"2001","2308","2","SA2","206071139","A",8
"2001","2308","2","SA2","206071140","A",17
"2001","2308","2","SA2","206071141","A",13
"2001","2308","2","SA2","206071142","A",24
"2001","2308","2","SA2","206071143","A",24
"2001","2308","2","SA2","206071144","A",45
"2001","2308","2","SA2","206071145","A",21
"2001","2308","2","SA2","207011146","A",13
"2001","2308","2","SA2","207011147","A",44
"2001","2308","2","SA2","207011148","A",44
"2001","2308","2","SA2","207011149","A",47
"2001","2308","2","SA2","207011150","A",40
"2001","2308","2","SA2","207011151","A",40
"2001","2308","2","SA2","207011152","A",42
"2001","2308","2","SA2","207011153","A",49
"2001","2308","2","SA2","207011154","A",13
"2001","2308","2","SA2","207011155","A",45
"2001","2308","2","SA2","207021156","A",24
"2001","2308","2","SA2","207021157","A",56
"2001","2308","2","SA2","207021158","A",90
"2001","2308","2","SA2","207021159","A",50
"2001","2308","2","SA2","207021160","A",31
"2001","2308","2","SA2","207031161","A",80
"2001","2308","2","SA2","207031162","A",63
"2001","2308","2","SA2","207031163","A",36
"2001","2308","2","SA2","207031164","A",68
"2001","2308","2","SA2","207031165","A",34
"2001","2308","2","SA2","207031166","A",30
"2001","2308","2","SA2","207031167","A",39
"2001","2308","2","SA2","208011168","A",67
"2001","2308","2","SA2","208011169","A",49
"2001","2308","2","SA2","208011170","A",40
"2001","2308","2","SA2","208011171","A",33
"2001","2308","2","SA2","208011172","A",40
"2001","2308","2","SA2","208011173","A",47
"2001","2308","2","SA2","208021174","A",39
"2001","2308","2","SA2","208021175","A",35
"2001","2308","2","SA2","208021176","A",40
"2001","2308","2","SA2","208021177","A",32
"2001","2308","2","SA2","208021178","A",29
"2001","2308","2","SA2","208021179","A",31
"2001","2308","2","SA2","208021180","A",10
"2001","2308","2","SA2","208021181","A",16
"2001","2308","2","SA2","208021182","A",19
"2001","2308","2","SA2","208031183","A",13
"2001","2308","2","SA2","208031184","A",0
"2001","2308","2","SA2","208031185","A",62
"2001","2308","2","SA2","208031186","A",53
"2001","2308","2","SA2","208031187","A",23
"2001","2308","2","SA2","208031188","A",69
"2001","2308","2","SA2","208031189","A",54
"2001","2308","2","SA2","208031190","A",41
"2001","2308","2","SA2","208031191","A",22
"2001","2308","2","SA2","208031192","A",0
"2001","2308","2","SA2","208031193","A",62
"2001","2308","2","SA2","208041194","A",47
"2001","2308","2","SA2","208041195","A",34
"2001","2308","2","SA2","209011196","A",21
"2001","2308","2","SA2","209011197","A",70
"2001","2308","2","SA2","209011198","A",35
"2001","2308","2","SA2","209011199","A",29
"2001","2308","2","SA2","209011200","A",21
"2001","2308","2","SA2","209011201","A",24
"2001","2308","2","SA2","209011202","A",60
"2001","2308","2","SA2","209011203","A",59
"2001","2308","2","SA2","209011204","A",23
"2001","2308","2","SA2","209021205","A",7
"2001","2308","2","SA2","209021206","A",39
"2001","2308","2","SA2","209021207","A",30
"2001","2308","2","SA2","209021208","A",32
"2001","2308","2","SA2","209031209","A",106
"2001","2308","2","SA2","209031210","A",19
"2001","2308","2","SA2","209031211","A",26
"2001","2308","2","SA2","209031212","A",33
"2001","2308","2","SA2","209031213","A",23
"2001","2308","2","SA2","209031214","A",46
"2001","2308","2","SA2","209031215","A",33
"2001","2308","2","SA2","209041216","A",3
"2001","2308","2","SA2","209041217","A",14
"2001","2308","2","SA2","209041218","A",33
"2001","2308","2","SA2","209041219","A",17
"2001","2308","2","SA2","209041220","A",17
"2001","2308","2","SA2","209041221","A",16
"2001","2308","2","SA2","209041222","A",13
"2001","2308","2","SA2","209041223","A",21
"2001","2308","2","SA2","209041224","A",15
"2001","2308","2","SA2","209041225","A",34
"2001","2308","2","SA2","210011226","A",30
"2001","2308","2","SA2","210011227","A",0
"2001","2308","2","SA2","210011228","A",20
"2001","2308","2","SA2","210011229","A",39
"2001","2308","2","SA2","210011230","A",17
"2001","2308","2","SA2","210011231","A",17
"2001","2308","2","SA2","210021232","A",25
"2001","2308","2","SA2","210021233","A",15
"2001","2308","2","SA2","210021234","A",12
"2001","2308","2","SA2","210021235","A",26
"2001","2308","2","SA2","210031236","A",10
"2001","2308","2","SA2","210031237","A",18
"2001","2308","2","SA2","210031238","A",49
"2001","2308","2","SA2","210031239","A",28
"2001","2308","2","SA2","210041240","A",43
"2001","2308","2","SA2","210041241","A",69
"2001","2308","2","SA2","210051242","A",25
"2001","2308","2","SA2","210051243","A",15
"2001","2308","2","SA2","210051244","A",23
"2001","2308","2","SA2","210051245","A",35
"2001","2308","2","SA2","210051246","A",5
"2001","2308","2","SA2","210051247","A",15
"2001","2308","2","SA2","210051248","A",6
"2001","2308","2","SA2","210051249","A",17
"2001","2308","2","SA2","210051250","A",23
"2001","2308","2","SA2","211011251","A",109
"2001","2308","2","SA2","211011252","A",287
"2001","2308","2","SA2","211011253","A",305
"2001","2308","2","SA2","211011254","A",107
"2001","2308","2","SA2","211011255","A",20
"2001","2308","2","SA2","211011256","A",77
"2001","2308","2","SA2","211011257","A",25
"2001","2308","2","SA2","211011258","A",59
"2001","2308","2","SA2","211011259","A",94
"2001","2308","2","SA2","211011260","A",129
"2001","2308","2","SA2","211021261","A",86
"2001","2308","2","SA2","211021262","A",49
"2001","2308","2","SA2","211031263","A",96
"2001","2308","2","SA2","211031264","A",321
"2001","2308","2","SA2","211031265","A",131
"2001","2308","2","SA2","211031266","A",107
"2001","2308","2","SA2","211031267","A",136
"2001","2308","2","SA2","211031268","A",73
"2001","2308","2","SA2","211041269","A",54
"2001","2308","2","SA2","211041270","A",80
"2001","2308","2","SA2","211041271","A",65
"2001","2308","2","SA2","211041272","A",50
"2001","2308","2","SA2","211041273","A",43
"2001","2308","2","SA2","211051274","A",146
"2001","2308","2","SA2","211051275","A",100
"2001","2308","2","SA2","211051276","A",146
"2001","2308","2","SA2","211051277","A",181
"2001","2308","2","SA2","211051278","A",202
"2001","2308","2","SA2","211051279","A",248
"2001","2308","2","SA2","211051280","A",152
"2001","2308","2","SA2","211051281","A",189
"2001","2308","2","SA2","211051282","A",136
"2001","2308","2","SA2","211051283","A",178
"2001","2308","2","SA2","211051284","A",115
"2001","2308","2","SA2","211051285","A",89
"2001","2308","2","SA2","211051286","A",188
"2001","2308","2","SA2","212011287","A",48
"2001","2308","2","SA2","212011288","A",88
"2001","2308","2","SA2","212011289","A",231
"2001","2308","2","SA2","212011290","A",70
"2001","2308","2","SA2","212011291","A",86
"2001","2308","2","SA2","212011292","A",88
"2001","2308","2","SA2","212021293","A",198
"2001","2308","2","SA2","212021294","A",86
"2001","2308","2","SA2","212021295","A",126
"2001","2308","2","SA2","212021296","A",141
"2001","2308","2","SA2","212021297","A",79
"2001","2308","2","SA2","212021298","A",186
"2001","2308","2","SA2","212021299","A",79
"2001","2308","2","SA2","212031300","A",178
"2001","2308","2","SA2","212031301","A",14
"2001","2308","2","SA2","212031302","A",68
"2001","2308","2","SA2","212031303","A",76
"2001","2308","2","SA2","212031304","A",22
"2001","2308","2","SA2","212031305","A",109
"2001","2308","2","SA2","212031306","A",6
"2001","2308","2","SA2","212031307","A",73
"2001","2308","2","SA2","212031308","A",76
"2001","2308","2","SA2","212041309","A",28
"2001","2308","2","SA2","212041310","A",24
"2001","2308","2","SA2","212041311","A",152
"2001","2308","2","SA2","212041312","A",202
"2001","2308","2","SA2","212041313","A",54
"2001","2308","2","SA2","212041314","A",66
"2001","2308","2","SA2","212041315","A",131
"2001","2308","2","SA2","212041316","A",31
"2001","2308","2","SA2","212041317","A",55
"2001","2308","2","SA2","212041318","A",36
"2001","2308","2","SA2","212051319","A",39
"2001","2308","2","SA2","212051320","A",34
"2001","2308","2","SA2","212051321","A",93
"2001","2308","2","SA2","212051322","A",68
"2001","2308","2","SA2","212051323","A",55
"2001","2308","2","SA2","212051324","A",74
"2001","2308","2","SA2","212051325","A",68
"2001","2308","2","SA2","212051326","A",42
"2001","2308","2","SA2","212051327","A",89
"2001","2308","2","SA2","213011328","A",19
"2001","2308","2","SA2","213011329","A",0
"2001","2308","2","SA2","213011330","A",24
"2001","2308","2","SA2","213011331","A",6
"2001","2308","2","SA2","213011332","A",23
"2001","2308","2","SA2","213011333","A",40
"2001","2308","2","SA2","213011334","A",78
"2001","2308","2","SA2","213011335","A",31
"2001","2308","2","SA2","213011336","A",20
"2001","2308","2","SA2","213011337","A",7
"2001","2308","2","SA2","213011338","A",16
"2001","2308","2","SA2","213011339","A",9
"2001","2308","2","SA2","213011340","A",39
"2001","2308","2","SA2","213021341","A",66
"2001","2308","2","SA2","213021342","A",27
"2001","2308","2","SA2","213021343","A",19
"2001","2308","2","SA2","213021344","A",38
"2001","2308","2","SA2","213021345","A",8
"2001","2308","2","SA2","213021346","A",43
"2001","2308","2","SA2","213031347","A",13
"2001","2308","2","SA2","213031348","A",11
"2001","2308","2","SA2","213031349","A",10
"2001","2308","2","SA2","213031350","A",13
"2001","2308","2","SA2","213031351","A",14
"2001","2308","2","SA2","213031352","A",13
"2001","2308","2","SA2","213041353","A",92
"2001","2308","2","SA2","213041354","A",11
"2001","2308","2","SA2","213041355","A",14
"2001","2308","2","SA2","213041356","A",63
"2001","2308","2","SA2","213041357","A",53
"2001","2308","2","SA2","213041358","A",40
"2001","2308","2","SA2","213041359","A",11
"2001","2308","2","SA2","213041360","A",0
"2001","2308","2","SA2","213051361","A",28
"2001","2308","2","SA2","213051362","A",60
"2001","2308","2","SA2","213051363","A",17
"2001","2308","2","SA2","213051364","A",0
"2001","2308","2","SA2","213051365","A",4
"2001","2308","2","SA2","213051366","A",3
"2001","2308","2","SA2","213051367","A",100
"2001","2308","2","SA2","213051368","A",33
"2001","2308","2","SA2","213051369","A",31
"2001","2308","2","SA2","214011370","A",189
"2001","2308","2","SA2","214011371","A",185
"2001","2308","2","SA2","214011372","A",143
"2001","2308","2","SA2","214011373","A",129
"2001","2308","2","SA2","214011374","A",162
"2001","2308","2","SA2","214011375","A",95
"2001","2308","2","SA2","214011376","A",23
"2001","2308","2","SA2","214021377","A",72
"2001","2308","2","SA2","214021378","A",23
"2001","2308","2","SA2","214021379","A",142
"2001","2308","2","SA2","214021380","A",153
"2001","2308","2","SA2","214021381","A",120
"2001","2308","2","SA2","214021382","A",85
"2001","2308","2","SA2","214021383","A",115
"2001","2308","2","SA2","214021384","A",134
"2001","2308","2","SA2","214021385","A",153
"2001","2308","2","SA2","215011386","A",32
"2001","2308","2","SA2","215011387","A",13
"2001","2308","2","SA2","215011388","A",60
"2001","2308","2","SA2","215011389","A",9
"2001","2308","2","SA2","215011390","A",21
"2001","2308","2","SA2","215011391","A",13
"2001","2308","2","SA2","215011392","A",29
"2001","2308","2","SA2","215011393","A",6
"2001","2308","2","SA2","215011394","A",15
"2001","2308","2","SA2","215021395","A",7
"2001","2308","2","SA2","215021396","A",7
"2001","2308","2","SA2","215021397","A",53
"2001","2308","2","SA2","215021398","A",10
"2001","2308","2","SA2","215021399","A",11
"2001","2308","2","SA2","215031400","A",13
"2001","2308","2","SA2","215031401","A",27
"2001","2308","2","SA2","215031402","A",10
"2001","2308","2","SA2","215031403","A",9
"2001","2308","2","SA2","215031404","A",19
"2001","2308","2","SA2","215031405","A",21
"2001","2308","2","SA2","216011406","A",38
"2001","2308","2","SA2","216011407","A",33
"2001","2308","2","SA2","216011408","A",20
"2001","2308","2","SA2","216011409","A",6
"2001","2308","2","SA2","216011410","A",18
"2001","2308","2","SA2","216021411","A",13
"2001","2308","2","SA2","216021412","A",14
"2001","2308","2","SA2","216021413","A",66
"2001","2308","2","SA2","216021414","A",19
"2001","2308","2","SA2","216031415","A",42
"2001","2308","2","SA2","216031416","A",46
"2001","2308","2","SA2","216031417","A",75
"2001","2308","2","SA2","216031418","A",20
"2001","2308","2","SA2","216031419","A",55
"2001","2308","2","SA2","217011420","A",51
"2001","2308","2","SA2","217011421","A",51
"2001","2308","2","SA2","217011422","A",59
"2001","2308","2","SA2","217011423","A",26
"2001","2308","2","SA2","217021424","A",13
"2001","2308","2","SA2","217021425","A",48
"2001","2308","2","SA2","217021426","A",24
"2001","2308","2","SA2","217021427","A",43
"2001","2308","2","SA2","217021428","A",104
"2001","2308","2","SA2","217021429","A",19
"2001","2308","2","SA2","217021430","A",34
"2001","2308","2","SA2","217021431","A",20
"2001","2308","2","SA2","217021432","A",75
"2001","2308","2","SA2","217021433","A",51
"2001","2308","2","SA2","297979799","A",8
"2001","2308","3","SA2","301011001","A",77
"2001","2308","3","SA2","301011002","A",24
"2001","2308","3","SA2","301011003","A",123
"2001","2308","3","SA2","301011004","A",82
"2001","2308","3","SA2","301011005","A",19
"2001","2308","3","SA2","301011006","A",50
"2001","2308","3","SA2","301021007","A",103
"2001","2308","3","SA2","301021008","A",32
"2001","2308","3","SA2","301021009","A",40
"2001","2308","3","SA2","301021010","A",37
"2001","2308","3","SA2","301021011","A",19
"2001","2308","3","SA2","301021012","A",43
"2001","2308","3","SA2","301021013","A",68
"2001","2308","3","SA2","301031014","A",0
"2001","2308","3","SA2","301031015","A",34
"2001","2308","3","SA2","301031016","A",29
"2001","2308","3","SA2","301031017","A",8
"2001","2308","3","SA2","301031018","A",18
"2001","2308","3","SA2","301031019","A",7
"2001","2308","3","SA2","301031020","A",44
"2001","2308","3","SA2","301031021","A",47
"2001","2308","3","SA2","302011022","A",19
"2001","2308","3","SA2","302011023","A",23
"2001","2308","3","SA2","302011024","A",23
"2001","2308","3","SA2","302011025","A",32
"2001","2308","3","SA2","302011026","A",23
"2001","2308","3","SA2","302021027","A",36
"2001","2308","3","SA2","302021028","A",17
"2001","2308","3","SA2","302021029","A",19
"2001","2308","3","SA2","302021030","A",11
"2001","2308","3","SA2","302021031","A",25
"2001","2308","3","SA2","302021032","A",20
"2001","2308","3","SA2","302021033","A",13
"2001","2308","3","SA2","302021034","A",25
"2001","2308","3","SA2","302031035","A",28
"2001","2308","3","SA2","302031036","A",0
"2001","2308","3","SA2","302031037","A",0
"2001","2308","3","SA2","302031038","A",14
"2001","2308","3","SA2","302031039","A",24
"2001","2308","3","SA2","302031040","A",17
"2001","2308","3","SA2","302041041","A",36
"2001","2308","3","SA2","302041042","A",42
"2001","2308","3","SA2","302041043","A",17
"2001","2308","3","SA2","302041044","A",27
"2001","2308","3","SA2","302041045","A",20
"2001","2308","3","SA2","302041046","A",34
"2001","2308","3","SA2","303011047","A",20
"2001","2308","3","SA2","303011048","A",10
"2001","2308","3","SA2","303011049","A",17
"2001","2308","3","SA2","303011050","A",20
"2001","2308","3","SA2","303011051","A",27
"2001","2308","3","SA2","303021052","A",27
"2001","2308","3","SA2","303021053","A",29
"2001","2308","3","SA2","303021054","A",13
"2001","2308","3","SA2","303021055","A",19
"2001","2308","3","SA2","303021056","A",19
"2001","2308","3","SA2","303021057","A",22
"2001","2308","3","SA2","303021058","A",11
"2001","2308","3","SA2","303021059","A",8
"2001","2308","3","SA2","303031060","A",44
"2001","2308","3","SA2","303031061","A",22
"2001","2308","3","SA2","303031062","A",19
"2001","2308","3","SA2","303031063","A",45
"2001","2308","3","SA2","303031064","A",25
"2001","2308","3","SA2","303031065","A",32
"2001","2308","3","SA2","303031066","A",44
"2001","2308","3","SA2","303041067","A",29
"2001","2308","3","SA2","303041068","A",32
"2001","2308","3","SA2","303041069","A",20
"2001","2308","3","SA2","303041070","A",21
"2001","2308","3","SA2","303041071","A",24
"2001","2308","3","SA2","303051072","A",31
"2001","2308","3","SA2","303051073","A",35
"2001","2308","3","SA2","303051074","A",10
"2001","2308","3","SA2","303051075","A",25
"2001","2308","3","SA2","303051076","A",37
"2001","2308","3","SA2","303061077","A",11
"2001","2308","3","SA2","303061078","A",47
"2001","2308","3","SA2","303061079","A",51
"2001","2308","3","SA2","303061080","A",56
"2001","2308","3","SA2","304011081","A",51
"2001","2308","3","SA2","304011082","A",35
"2001","2308","3","SA2","304011083","A",29
"2001","2308","3","SA2","304011084","A",27
"2001","2308","3","SA2","304011085","A",26
"2001","2308","3","SA2","304021086","A",32
"2001","2308","3","SA2","304021087","A",37
"2001","2308","3","SA2","304021088","A",38
"2001","2308","3","SA2","304021089","A",12
"2001","2308","3","SA2","304021090","A",39
"2001","2308","3","SA2","304021091","A",16
"2001","2308","3","SA2","304031092","A",21
"2001","2308","3","SA2","304031093","A",26
"2001","2308","3","SA2","304031094","A",38
"2001","2308","3","SA2","304031095","A",20
"2001","2308","3","SA2","304031096","A",24
"2001","2308","3","SA2","304031097","A",23
"2001","2308","3","SA2","304041098","A",15
"2001","2308","3","SA2","304041099","A",0
"2001","2308","3","SA2","304041100","A",29
"2001","2308","3","SA2","304041101","A",15
"2001","2308","3","SA2","304041102","A",0
"2001","2308","3","SA2","304041103","A",77
"2001","2308","3","SA2","304041104","A",26
"2001","2308","3","SA2","305011105","A",14
"2001","2308","3","SA2","305011106","A",8
"2001","2308","3","SA2","305011107","A",18
"2001","2308","3","SA2","305011108","A",24
"2001","2308","3","SA2","305011109","A",33
"2001","2308","3","SA2","305011110","A",15
"2001","2308","3","SA2","305011111","A",21
"2001","2308","3","SA2","305011112","A",16
"2001","2308","3","SA2","305021113","A",0
"2001","2308","3","SA2","305021114","A",13
"2001","2308","3","SA2","305021115","A",9
"2001","2308","3","SA2","305021116","A",14
"2001","2308","3","SA2","305021117","A",30
"2001","2308","3","SA2","305021118","A",14
"2001","2308","3","SA2","305031119","A",8
"2001","2308","3","SA2","305031120","A",12
"2001","2308","3","SA2","305031121","A",13
"2001","2308","3","SA2","305031122","A",26
"2001","2308","3","SA2","305031123","A",9
"2001","2308","3","SA2","305031124","A",16
"2001","2308","3","SA2","305031125","A",3
"2001","2308","3","SA2","305031126","A",16
"2001","2308","3","SA2","305031127","A",14
"2001","2308","3","SA2","305031128","A",15
"2001","2308","3","SA2","305031129","A",0
"2001","2308","3","SA2","305031130","A",23
"2001","2308","3","SA2","305031131","A",23
"2001","2308","3","SA2","305041132","A",31
"2001","2308","3","SA2","305041133","A",13
"2001","2308","3","SA2","305041134","A",41
"2001","2308","3","SA2","305041135","A",40
"2001","2308","3","SA2","305041136","A",13
"2001","2308","3","SA2","305041137","A",36
"2001","2308","3","SA2","306011138","A",26
"2001","2308","3","SA2","306011139","A",65
"2001","2308","3","SA2","306011140","A",13
"2001","2308","3","SA2","306011141","A",34
"2001","2308","3","SA2","306011142","A",62
"2001","2308","3","SA2","306011143","A",38
"2001","2308","3","SA2","306021144","A",11
"2001","2308","3","SA2","306021145","A",72
"2001","2308","3","SA2","306021146","A",24
"2001","2308","3","SA2","306021147","A",26
"2001","2308","3","SA2","306021148","A",31
"2001","2308","3","SA2","306021149","A",21
"2001","2308","3","SA2","306021150","A",0
"2001","2308","3","SA2","306021151","A",33
"2001","2308","3","SA2","306021152","A",11
"2001","2308","3","SA2","306021153","A",16
"2001","2308","3","SA2","306021154","A",19
"2001","2308","3","SA2","306021155","A",21
"2001","2308","3","SA2","306021156","A",23
"2001","2308","3","SA2","306021157","A",25
"2001","2308","3","SA2","306031158","A",21
"2001","2308","3","SA2","306031159","A",25
"2001","2308","3","SA2","306031160","A",41
"2001","2308","3","SA2","306031161","A",68
"2001","2308","3","SA2","306031162","A",0
"2001","2308","3","SA2","306031163","A",0
"2001","2308","3","SA2","306041164","A",42
"2001","2308","3","SA2","306041165","A",58
"2001","2308","3","SA2","306051166","A",22
"2001","2308","3","SA2","306051167","A",26
"2001","2308","3","SA2","306051168","A",59
"2001","2308","3","SA2","306051169","A",50
"2001","2308","3","SA2","306051170","A",26
"2001","2308","3","SA2","307011171","A",12
"2001","2308","3","SA2","307011172","A",11
"2001","2308","3","SA2","307011173","A",11
"2001","2308","3","SA2","307011174","A",6
"2001","2308","3","SA2","307011175","A",7
"2001","2308","3","SA2","307011176","A",10
"2001","2308","3","SA2","307011177","A",8
"2001","2308","3","SA2","307011178","A",13
"2001","2308","3","SA2","307021179","A",34
"2001","2308","3","SA2","307021180","A",15
"2001","2308","3","SA2","307021181","A",11
"2001","2308","3","SA2","307021182","A",11
"2001","2308","3","SA2","307021183","A",34
"2001","2308","3","SA2","307031184","A",18
"2001","2308","3","SA2","307031185","A",9
"2001","2308","3","SA2","307031186","A",16
"2001","2308","3","SA2","307031187","A",24
"2001","2308","3","SA2","307031188","A",50
"2001","2308","3","SA2","307031189","A",29
"2001","2308","3","SA2","308011190","A",19
"2001","2308","3","SA2","308011191","A",46
"2001","2308","3","SA2","308011192","A",21
"2001","2308","3","SA2","308021193","A",18
"2001","2308","3","SA2","308021194","A",25
"2001","2308","3","SA2","308021195","A",33
"2001","2308","3","SA2","308021196","A",41
"2001","2308","3","SA2","308021197","A",0
"2001","2308","3","SA2","308021198","A",15
"2001","2308","3","SA2","308021199","A",28
"2001","2308","3","SA2","308021200","A",33
"2001","2308","3","SA2","308021201","A",0
"2001","2308","3","SA2","308021202","A",0
"2001","2308","3","SA2","308021203","A",11
"2001","2308","3","SA2","308021204","A",13
"2001","2308","3","SA2","308031205","A",14
"2001","2308","3","SA2","308031206","A",3
"2001","2308","3","SA2","308031207","A",23
"2001","2308","3","SA2","308031208","A",17
"2001","2308","3","SA2","308031209","A",5
"2001","2308","3","SA2","308031210","A",8
"2001","2308","3","SA2","308031211","A",9
"2001","2308","3","SA2","308031212","A",24
"2001","2308","3","SA2","308031213","A",7
"2001","2308","3","SA2","308031214","A",11
"2001","2308","3","SA2","308031215","A",11
"2001","2308","3","SA2","308031216","A",17
"2001","2308","3","SA2","308031217","A",5
"2001","2308","3","SA2","308031218","A",10
"2001","2308","3","SA2","308031219","A",14
"2001","2308","3","SA2","308031220","A",0
"2001","2308","3","SA2","308031221","A",0
"2001","2308","3","SA2","308031222","A",39
"2001","2308","3","SA2","308031223","A",48
"2001","2308","3","SA2","309011224","A",37
"2001","2308","3","SA2","309011225","A",49
"2001","2308","3","SA2","309011226","A",96
"2001","2308","3","SA2","309011227","A",71
"2001","2308","3","SA2","309011228","A",92
"2001","2308","3","SA2","309011229","A",57
"2001","2308","3","SA2","309021230","A",40
"2001","2308","3","SA2","309021231","A",49
"2001","2308","3","SA2","309021232","A",50
"2001","2308","3","SA2","309021233","A",49
"2001","2308","3","SA2","309021234","A",83
"2001","2308","3","SA2","309031235","A",33
"2001","2308","3","SA2","309031236","A",45
"2001","2308","3","SA2","309031237","A",61
"2001","2308","3","SA2","309031238","A",63
"2001","2308","3","SA2","309031239","A",48
"2001","2308","3","SA2","309031240","A",51
"2001","2308","3","SA2","309041241","A",29
"2001","2308","3","SA2","309041242","A",93
"2001","2308","3","SA2","309051243","A",33
"2001","2308","3","SA2","309051244","A",77
"2001","2308","3","SA2","309051245","A",9
"2001","2308","3","SA2","309061246","A",52
"2001","2308","3","SA2","309061247","A",47
"2001","2308","3","SA2","309061248","A",97
"2001","2308","3","SA2","309061249","A",28
"2001","2308","3","SA2","309061250","A",47
"2001","2308","3","SA2","309071251","A",11
"2001","2308","3","SA2","309071252","A",82
"2001","2308","3","SA2","309071253","A",11
"2001","2308","3","SA2","309071254","A",19
"2001","2308","3","SA2","309071255","A",42
"2001","2308","3","SA2","309071256","A",27
"2001","2308","3","SA2","309071257","A",7
"2001","2308","3","SA2","309071258","A",33
"2001","2308","3","SA2","309081259","A",26
"2001","2308","3","SA2","309081260","A",25
"2001","2308","3","SA2","309081261","A",80
"2001","2308","3","SA2","309081262","A",37
"2001","2308","3","SA2","309091263","A",61
"2001","2308","3","SA2","309091264","A",16
"2001","2308","3","SA2","309091265","A",25
"2001","2308","3","SA2","309091266","A",107
"2001","2308","3","SA2","309101267","A",30
"2001","2308","3","SA2","309101268","A",21
"2001","2308","3","SA2","309101269","A",40
"2001","2308","3","SA2","309101270","A",137
"2001","2308","3","SA2","310011271","A",19
"2001","2308","3","SA2","310011272","A",47
"2001","2308","3","SA2","310011273","A",78
"2001","2308","3","SA2","310011274","A",91
"2001","2308","3","SA2","310011275","A",32
"2001","2308","3","SA2","310011276","A",25
"2001","2308","3","SA2","310021277","A",39
"2001","2308","3","SA2","310021278","A",27
"2001","2308","3","SA2","310021279","A",0
"2001","2308","3","SA2","310021280","A",76
"2001","2308","3","SA2","310021281","A",58
"2001","2308","3","SA2","310021282","A",23
"2001","2308","3","SA2","310031283","A",34
"2001","2308","3","SA2","310031284","A",22
"2001","2308","3","SA2","310031285","A",20
"2001","2308","3","SA2","310031286","A",29
"2001","2308","3","SA2","310031287","A",77
"2001","2308","3","SA2","310031288","A",23
"2001","2308","3","SA2","310031289","A",34
"2001","2308","3","SA2","310031290","A",33
"2001","2308","3","SA2","310031291","A",45
"2001","2308","3","SA2","310031292","A",28
"2001","2308","3","SA2","310031293","A",25
"2001","2308","3","SA2","310031294","A",9
"2001","2308","3","SA2","310031295","A",26
"2001","2308","3","SA2","310041296","A",45
"2001","2308","3","SA2","310041297","A",86
"2001","2308","3","SA2","310041298","A",0
"2001","2308","3","SA2","310041299","A",42
"2001","2308","3","SA2","310041300","A",63
"2001","2308","3","SA2","310041301","A",0
"2001","2308","3","SA2","310041302","A",67
"2001","2308","3","SA2","310041303","A",12
"2001","2308","3","SA2","310041304","A",0
"2001","2308","3","SA2","311011305","A",50
"2001","2308","3","SA2","311021306","A",28
"2001","2308","3","SA2","311021307","A",36
"2001","2308","3","SA2","311021308","A",38
"2001","2308","3","SA2","311021309","A",31
"2001","2308","3","SA2","311021310","A",33
"2001","2308","3","SA2","311031311","A",71
"2001","2308","3","SA2","311031312","A",17
"2001","2308","3","SA2","311031313","A",40
"2001","2308","3","SA2","311031314","A",31
"2001","2308","3","SA2","311031315","A",0
"2001","2308","3","SA2","311031316","A",52
"2001","2308","3","SA2","311031317","A",45
"2001","2308","3","SA2","311031318","A",31
"2001","2308","3","SA2","311031319","A",48
"2001","2308","3","SA2","311041320","A",50
"2001","2308","3","SA2","311041321","A",78
"2001","2308","3","SA2","311041322","A",45
"2001","2308","3","SA2","311051323","A",38
"2001","2308","3","SA2","311051324","A",84
"2001","2308","3","SA2","311051325","A",62
"2001","2308","3","SA2","311051326","A",37
"2001","2308","3","SA2","311051327","A",65
"2001","2308","3","SA2","311051328","A",38
"2001","2308","3","SA2","311061329","A",32
"2001","2308","3","SA2","311061330","A",44
"2001","2308","3","SA2","311061331","A",32
"2001","2308","3","SA2","311061332","A",57
"2001","2308","3","SA2","311061333","A",40
"2001","2308","3","SA2","311061334","A",46
"2001","2308","3","SA2","311061335","A",14
"2001","2308","3","SA2","311061336","A",44
"2001","2308","3","SA2","312011337","A",46
"2001","2308","3","SA2","312011338","A",18
"2001","2308","3","SA2","312011339","A",3
"2001","2308","3","SA2","312011340","A",15
"2001","2308","3","SA2","312011341","A",8
"2001","2308","3","SA2","312021342","A",53
"2001","2308","3","SA2","312021343","A",7
"2001","2308","3","SA2","312021344","A",19
"2001","2308","3","SA2","312021345","A",0
"2001","2308","3","SA2","312021346","A",3
"2001","2308","3","SA2","312021347","A",0
"2001","2308","3","SA2","312021348","A",19
"2001","2308","3","SA2","312021349","A",15
"2001","2308","3","SA2","312021350","A",7
"2001","2308","3","SA2","312021351","A",17
"2001","2308","3","SA2","312021352","A",40
"2001","2308","3","SA2","312021353","A",33
"2001","2308","3","SA2","312021354","A",11
"2001","2308","3","SA2","312021355","A",18
"2001","2308","3","SA2","312021356","A",15
"2001","2308","3","SA2","312021357","A",19
"2001","2308","3","SA2","312021358","A",25
"2001","2308","3","SA2","312031359","A",64
"2001","2308","3","SA2","312031360","A",0
"2001","2308","3","SA2","312031361","A",19
"2001","2308","3","SA2","313011362","A",52
"2001","2308","3","SA2","313011363","A",151
"2001","2308","3","SA2","313021364","A",17
"2001","2308","3","SA2","313021365","A",73
"2001","2308","3","SA2","313021366","A",38
"2001","2308","3","SA2","313021367","A",14
"2001","2308","3","SA2","313021368","A",26
"2001","2308","3","SA2","313021369","A",14
"2001","2308","3","SA2","313031370","A",18
"2001","2308","3","SA2","313031371","A",19
"2001","2308","3","SA2","313041372","A",44
"2001","2308","3","SA2","313041373","A",83
"2001","2308","3","SA2","313041374","A",12
"2001","2308","3","SA2","313041375","A",37
"2001","2308","3","SA2","313041376","A",7
"2001","2308","3","SA2","313051377","A",37
"2001","2308","3","SA2","313051378","A",54
"2001","2308","3","SA2","313051379","A",59
"2001","2308","3","SA2","313051380","A",67
"2001","2308","3","SA2","313051381","A",51
"2001","2308","3","SA2","314011382","A",69
"2001","2308","3","SA2","314011383","A",32
"2001","2308","3","SA2","314011384","A",27
"2001","2308","3","SA2","314011385","A",29
"2001","2308","3","SA2","314011386","A",81
"2001","2308","3","SA2","314011387","A",37
"2001","2308","3","SA2","314021388","A",62
"2001","2308","3","SA2","314021389","A",30
"2001","2308","3","SA2","314021390","A",7
"2001","2308","3","SA2","314031391","A",37
"2001","2308","3","SA2","314031392","A",27
"2001","2308","3","SA2","314031393","A",53
"2001","2308","3","SA2","314031394","A",31
"2001","2308","3","SA2","315011395","A",0
"2001","2308","3","SA2","315011396","A",26
"2001","2308","3","SA2","315011397","A",6
"2001","2308","3","SA2","315011398","A",0
"2001","2308","3","SA2","315011399","A",0
"2001","2308","3","SA2","315011400","A",27
"2001","2308","3","SA2","315011401","A",8
"2001","2308","3","SA2","315011402","A",3
"2001","2308","3","SA2","315011403","A",4
"2001","2308","3","SA2","315021404","A",35
"2001","2308","3","SA2","315021405","A",46
"2001","2308","3","SA2","315021406","A",21
"2001","2308","3","SA2","315021407","A",8
"2001","2308","3","SA2","315031408","A",5
"2001","2308","3","SA2","315031409","A",12
"2001","2308","3","SA2","315031410","A",3
"2001","2308","3","SA2","315031411","A",9
"2001","2308","3","SA2","315031412","A",8
"2001","2308","3","SA2","316011413","A",101
"2001","2308","3","SA2","316011414","A",66
"2001","2308","3","SA2","316011415","A",23
"2001","2308","3","SA2","316011416","A",17
"2001","2308","3","SA2","316021417","A",55
"2001","2308","3","SA2","316021418","A",40
"2001","2308","3","SA2","316021419","A",58
"2001","2308","3","SA2","316021420","A",36
"2001","2308","3","SA2","316021421","A",42
"2001","2308","3","SA2","316021422","A",39
"2001","2308","3","SA2","316021423","A",35
"2001","2308","3","SA2","316021424","A",44
"2001","2308","3","SA2","316031425","A",61
"2001","2308","3","SA2","316031426","A",38
"2001","2308","3","SA2","316031427","A",113
"2001","2308","3","SA2","316031428","A",79
"2001","2308","3","SA2","316041429","A",22
"2001","2308","3","SA2","316041430","A",19
"2001","2308","3","SA2","316041431","A",65
"2001","2308","3","SA2","316041432","A",75
"2001","2308","3","SA2","316041433","A",106
"2001","2308","3","SA2","316051434","A",44
"2001","2308","3","SA2","316051435","A",73
"2001","2308","3","SA2","316051436","A",27
"2001","2308","3","SA2","316051437","A",37
"2001","2308","3","SA2","316051438","A",70
"2001","2308","3","SA2","316061439","A",45
"2001","2308","3","SA2","316061440","A",53
"2001","2308","3","SA2","316061441","A",32
"2001","2308","3","SA2","316061442","A",46
"2001","2308","3","SA2","316061443","A",36
"2001","2308","3","SA2","316061444","A",38
"2001","2308","3","SA2","317011445","A",3
"2001","2308","3","SA2","317011446","A",41
"2001","2308","3","SA2","317011447","A",32
"2001","2308","3","SA2","317011448","A",20
"2001","2308","3","SA2","317011449","A",7
"2001","2308","3","SA2","317011450","A",33
"2001","2308","3","SA2","317011451","A",46
"2001","2308","3","SA2","317011452","A",10
"2001","2308","3","SA2","317011453","A",24
"2001","2308","3","SA2","317011454","A",14
"2001","2308","3","SA2","317011455","A",18
"2001","2308","3","SA2","317011456","A",51
"2001","2308","3","SA2","317011457","A",38
"2001","2308","3","SA2","317011458","A",22
"2001","2308","3","SA2","317011459","A",29
"2001","2308","3","SA2","318011460","A",15
"2001","2308","3","SA2","318011461","A",16
"2001","2308","3","SA2","318011462","A",13
"2001","2308","3","SA2","318011463","A",17
"2001","2308","3","SA2","318011464","A",13
"2001","2308","3","SA2","318011465","A",23
"2001","2308","3","SA2","318011466","A",0
"2001","2308","3","SA2","318021467","A",6
"2001","2308","3","SA2","318021468","A",27
"2001","2308","3","SA2","318021469","A",15
"2001","2308","3","SA2","318021470","A",0
"2001","2308","3","SA2","318021471","A",23
"2001","2308","3","SA2","318021472","A",14
"2001","2308","3","SA2","318021473","A",25
"2001","2308","3","SA2","318021474","A",3
"2001","2308","3","SA2","318021475","A",21
"2001","2308","3","SA2","318021476","A",21
"2001","2308","3","SA2","318021477","A",8
"2001","2308","3","SA2","318021478","A",19
"2001","2308","3","SA2","318021479","A",10
"2001","2308","3","SA2","318021480","A",24
"2001","2308","3","SA2","318021481","A",24
"2001","2308","3","SA2","318021482","A",15
"2001","2308","3","SA2","318021483","A",34
"2001","2308","3","SA2","318021484","A",11
"2001","2308","3","SA2","318021485","A",12
"2001","2308","3","SA2","318021486","A",25
"2001","2308","3","SA2","318021487","A",6
"2001","2308","3","SA2","318021488","A",10
"2001","2308","3","SA2","318021489","A",3
"2001","2308","3","SA2","318021490","A",32
"2001","2308","3","SA2","318021491","A",18
"2001","2308","3","SA2","319011492","A",13
"2001","2308","3","SA2","319011493","A",60
"2001","2308","3","SA2","319011494","A",18
"2001","2308","3","SA2","319011495","A",15
"2001","2308","3","SA2","319011496","A",12
"2001","2308","3","SA2","319011497","A",23
"2001","2308","3","SA2","319011498","A",43
"2001","2308","3","SA2","319011499","A",42
"2001","2308","3","SA2","319011500","A",10
"2001","2308","3","SA2","319011501","A",22
"2001","2308","3","SA2","319011502","A",26
"2001","2308","3","SA2","319021503","A",28
"2001","2308","3","SA2","319021504","A",33
"2001","2308","3","SA2","319021505","A",19
"2001","2308","3","SA2","319021506","A",22
"2001","2308","3","SA2","319021507","A",12
"2001","2308","3","SA2","319021508","A",5
"2001","2308","3","SA2","319021509","A",68
"2001","2308","3","SA2","319021510","A",0
"2001","2308","3","SA2","319031511","A",30
"2001","2308","3","SA2","319031512","A",30
"2001","2308","3","SA2","319031513","A",18
"2001","2308","3","SA2","319031514","A",83
"2001","2308","3","SA2","319031515","A",15
"2001","2308","3","SA2","319041516","A",19
"2001","2308","3","SA2","319041517","A",15
"2001","2308","3","SA2","319041518","A",70
"2001","2308","3","SA2","319041519","A",25
"2001","2308","3","SA2","319041520","A",120
"2001","2308","3","SA2","319041521","A",76
"2001","2308","3","SA2","319051522","A",64
"2001","2308","3","SA2","319051523","A",3
"2001","2308","3","SA2","319051524","A",38
"2001","2308","3","SA2","319051525","A",23
"2001","2308","3","SA2","319051526","A",12
"2001","2308","3","SA2","397979799","A",3
"2001","2308","4","SA2","401011001","A",53
"2001","2308","4","SA2","401011002","A",22
"2001","2308","4","SA2","401021003","A",38
"2001","2308","4","SA2","401021004","A",147
"2001","2308","4","SA2","401021005","A",30
"2001","2308","4","SA2","401021006","A",58
"2001","2308","4","SA2","401021007","A",95
"2001","2308","4","SA2","401021008","A",40
"2001","2308","4","SA2","401021009","A",25
"2001","2308","4","SA2","401021010","A",40
"2001","2308","4","SA2","401031011","A",49
"2001","2308","4","SA2","401031012","A",30
"2001","2308","4","SA2","401031013","A",58
"2001","2308","4","SA2","401041014","A",56
"2001","2308","4","SA2","401041015","A",115
"2001","2308","4","SA2","401041016","A",85
"2001","2308","4","SA2","401051017","A",34
"2001","2308","4","SA2","401051018","A",30
"2001","2308","4","SA2","401051019","A",49
"2001","2308","4","SA2","401061020","A",19
"2001","2308","4","SA2","401061021","A",32
"2001","2308","4","SA2","401061022","A",30
"2001","2308","4","SA2","401071023","A",51
"2001","2308","4","SA2","401071024","A",49
"2001","2308","4","SA2","402011025","A",36
"2001","2308","4","SA2","402011026","A",73
"2001","2308","4","SA2","402011027","A",28
"2001","2308","4","SA2","402021028","A",44
"2001","2308","4","SA2","402021029","A",77
"2001","2308","4","SA2","402021030","A",96
"2001","2308","4","SA2","402021031","A",102
"2001","2308","4","SA2","402021032","A",16
"2001","2308","4","SA2","402021033","A",28
"2001","2308","4","SA2","402021034","A",101
"2001","2308","4","SA2","402021035","A",18
"2001","2308","4","SA2","402031036","A",52
"2001","2308","4","SA2","402031037","A",110
"2001","2308","4","SA2","402031038","A",128
"2001","2308","4","SA2","402041039","A",0
"2001","2308","4","SA2","402041040","A",86
"2001","2308","4","SA2","402041041","A",85
"2001","2308","4","SA2","402041042","A",0
"2001","2308","4","SA2","402041043","A",82
"2001","2308","4","SA2","402041044","A",55
"2001","2308","4","SA2","402041045","A",36
"2001","2308","4","SA2","402041046","A",130
"2001","2308","4","SA2","402041047","A",125
"2001","2308","4","SA2","402041048","A",75
"2001","2308","4","SA2","402051049","A",54
"2001","2308","4","SA2","402051050","A",39
"2001","2308","4","SA2","402051051","A",87
"2001","2308","4","SA2","402051052","A",145
"2001","2308","4","SA2","402051053","A",147
"2001","2308","4","SA2","402051054","A",114
"2001","2308","4","SA2","402051055","A",92
"2001","2308","4","SA2","403011056","A",82
"2001","2308","4","SA2","403011057","A",84
"2001","2308","4","SA2","403021058","A",43
"2001","2308","4","SA2","403021059","A",82
"2001","2308","4","SA2","403021060","A",82
"2001","2308","4","SA2","403021061","A",106
"2001","2308","4","SA2","403021062","A",76
"2001","2308","4","SA2","403021063","A",28
"2001","2308","4","SA2","403021064","A",143
"2001","2308","4","SA2","403031065","A",47
"2001","2308","4","SA2","403031066","A",69
"2001","2308","4","SA2","403031067","A",68
"2001","2308","4","SA2","403031068","A",59
"2001","2308","4","SA2","403031069","A",59
"2001","2308","4","SA2","403031070","A",35
"2001","2308","4","SA2","403041071","A",83
"2001","2308","4","SA2","403041072","A",66
"2001","2308","4","SA2","403041073","A",76
"2001","2308","4","SA2","403041074","A",104
"2001","2308","4","SA2","403041075","A",24
"2001","2308","4","SA2","403041076","A",24
"2001","2308","4","SA2","403041077","A",76
"2001","2308","4","SA2","403041078","A",67
"2001","2308","4","SA2","403041079","A",79
"2001","2308","4","SA2","403041080","A",105
"2001","2308","4","SA2","403041081","A",0
"2001","2308","4","SA2","403041082","A",0
"2001","2308","4","SA2","403041083","A",33
"2001","2308","4","SA2","403041084","A",91
"2001","2308","4","SA2","403041085","A",104
"2001","2308","4","SA2","403041086","A",68
"2001","2308","4","SA2","403041087","A",140
"2001","2308","4","SA2","403041088","A",27
"2001","2308","4","SA2","403041089","A",47
"2001","2308","4","SA2","404011090","A",24
"2001","2308","4","SA2","404011091","A",35
"2001","2308","4","SA2","404011092","A",34
"2001","2308","4","SA2","404011093","A",46
"2001","2308","4","SA2","404011094","A",17
"2001","2308","4","SA2","404011095","A",46
"2001","2308","4","SA2","404011096","A",81
"2001","2308","4","SA2","404011097","A",46
"2001","2308","4","SA2","404021098","A",0
"2001","2308","4","SA2","404021099","A",61
"2001","2308","4","SA2","404021100","A",54
"2001","2308","4","SA2","404021101","A",38
"2001","2308","4","SA2","404021102","A",30
"2001","2308","4","SA2","404021103","A",0
"2001","2308","4","SA2","404031104","A",0
"2001","2308","4","SA2","404031105","A",5
"2001","2308","4","SA2","404031106","A",23
"2001","2308","4","SA2","404031107","A",90
"2001","2308","4","SA2","404031108","A",40
"2001","2308","4","SA2","404031109","A",21
"2001","2308","4","SA2","405011110","A",27
"2001","2308","4","SA2","405011111","A",31
"2001","2308","4","SA2","405011112","A",32
"2001","2308","4","SA2","405011113","A",18
"2001","2308","4","SA2","405011114","A",19
"2001","2308","4","SA2","405011115","A",15
"2001","2308","4","SA2","405021116","A",8
"2001","2308","4","SA2","405021117","A",27
"2001","2308","4","SA2","405021118","A",19
"2001","2308","4","SA2","405021119","A",30
"2001","2308","4","SA2","405031120","A",18
"2001","2308","4","SA2","405031121","A",32
"2001","2308","4","SA2","405031122","A",55
"2001","2308","4","SA2","405031123","A",22
"2001","2308","4","SA2","405041124","A",20
"2001","2308","4","SA2","405041125","A",17
"2001","2308","4","SA2","405041126","A",15
"2001","2308","4","SA2","405041127","A",24
"2001","2308","4","SA2","405041128","A",23
"2001","2308","4","SA2","406011129","A",10
"2001","2308","4","SA2","406011130","A",25
"2001","2308","4","SA2","406011131","A",10
"2001","2308","4","SA2","406011132","A",10
"2001","2308","4","SA2","406011133","A",77
"2001","2308","4","SA2","406011134","A",3
"2001","2308","4","SA2","406011135","A",0
"2001","2308","4","SA2","406011136","A",150
"2001","2308","4","SA2","406011137","A",0
"2001","2308","4","SA2","406021138","A",3
"2001","2308","4","SA2","406021139","A",18
"2001","2308","4","SA2","406021140","A",8
"2001","2308","4","SA2","406021141","A",36
"2001","2308","4","SA2","406021142","A",62
"2001","2308","4","SA2","406021143","A",8
"2001","2308","4","SA2","407011144","A",65
"2001","2308","4","SA2","407011145","A",28
"2001","2308","4","SA2","407011146","A",28
"2001","2308","4","SA2","407011147","A",45
"2001","2308","4","SA2","407011148","A",55
"2001","2308","4","SA2","407011149","A",40
"2001","2308","4","SA2","407021150","A",38
"2001","2308","4","SA2","407021151","A",6
"2001","2308","4","SA2","407021152","A",64
"2001","2308","4","SA2","407021153","A",194
"2001","2308","4","SA2","407021154","A",18
"2001","2308","4","SA2","407021155","A",14
"2001","2308","4","SA2","407021156","A",23
"2001","2308","4","SA2","407021157","A",22
"2001","2308","4","SA2","407021158","A",24
"2001","2308","4","SA2","407031159","A",28
"2001","2308","4","SA2","407031160","A",18
"2001","2308","4","SA2","407031161","A",10
"2001","2308","4","SA2","407031162","A",11
"2001","2308","4","SA2","407031163","A",3
"2001","2308","4","SA2","407031164","A",46
"2001","2308","4","SA2","407031165","A",68
"2001","2308","4","SA2","407031166","A",16
"2001","2308","4","SA2","407031167","A",22
"2001","2308","4","SA2","407031168","A",17
"2001","2308","4","SA2","407031169","A",25
"2001","2308","4","SA2","407031170","A",33
"2001","2308","4","SA2","497979799","A",6
"2001","2308","5","SA2","501011001","A",20
"2001","2308","5","SA2","501011002","A",64
"2001","2308","5","SA2","501011003","A",22
"2001","2308","5","SA2","501011004","A",16
"2001","2308","5","SA2","501021005","A",59
"2001","2308","5","SA2","501021006","A",104
"2001","2308","5","SA2","501021007","A",18
"2001","2308","5","SA2","501021008","A",21
"2001","2308","5","SA2","501021009","A",30
"2001","2308","5","SA2","501021010","A",19
"2001","2308","5","SA2","501021011","A",0
"2001","2308","5","SA2","501021012","A",53
"2001","2308","5","SA2","501021013","A",7
"2001","2308","5","SA2","501021014","A",46
"2001","2308","5","SA2","501021015","A",20
"2001","2308","5","SA2","501021016","A",8
"2001","2308","5","SA2","501031017","A",39
"2001","2308","5","SA2","501031018","A",18
"2001","2308","5","SA2","501031019","A",25
"2001","2308","5","SA2","501031020","A",24
"2001","2308","5","SA2","502011021","A",25
"2001","2308","5","SA2","502011022","A",18
"2001","2308","5","SA2","502011023","A",70
"2001","2308","5","SA2","502011024","A",74
"2001","2308","5","SA2","502011025","A",51
"2001","2308","5","SA2","502011026","A",45
"2001","2308","5","SA2","502011027","A",33
"2001","2308","5","SA2","502011028","A",49
"2001","2308","5","SA2","502011029","A",19
"2001","2308","5","SA2","503011030","A",29
"2001","2308","5","SA2","503011031","A",22
"2001","2308","5","SA2","503011032","A",27
"2001","2308","5","SA2","503011033","A",34
"2001","2308","5","SA2","503011034","A",34
"2001","2308","5","SA2","503011035","A",96
"2001","2308","5","SA2","503011036","A",49
"2001","2308","5","SA2","503021037","A",0
"2001","2308","5","SA2","503021038","A",20
"2001","2308","5","SA2","503021039","A",68
"2001","2308","5","SA2","503021040","A",16
"2001","2308","5","SA2","503021041","A",88
"2001","2308","5","SA2","503021042","A",67
"2001","2308","5","SA2","503021043","A",68
"2001","2308","5","SA2","504011044","A",80
"2001","2308","5","SA2","504011045","A",130
"2001","2308","5","SA2","504011046","A",43
"2001","2308","5","SA2","504011047","A",130
"2001","2308","5","SA2","504011048","A",33
"2001","2308","5","SA2","504021049","A",18
"2001","2308","5","SA2","504021050","A",71
"2001","2308","5","SA2","504021051","A",28
"2001","2308","5","SA2","504021052","A",0
"2001","2308","5","SA2","504021053","A",84
"2001","2308","5","SA2","504021054","A",63
"2001","2308","5","SA2","504031055","A",0
"2001","2308","5","SA2","504031056","A",65
"2001","2308","5","SA2","504031057","A",48
"2001","2308","5","SA2","504031058","A",18
"2001","2308","5","SA2","504031059","A",36
"2001","2308","5","SA2","504031060","A",15
"2001","2308","5","SA2","504031061","A",25
"2001","2308","5","SA2","504031062","A",49
"2001","2308","5","SA2","504031063","A",0
"2001","2308","5","SA2","504031064","A",0
"2001","2308","5","SA2","504031065","A",27
"2001","2308","5","SA2","504031066","A",48
"2001","2308","5","SA2","504031067","A",27
"2001","2308","5","SA2","504031068","A",15
"2001","2308","5","SA2","504031069","A",0
"2001","2308","5","SA2","505011070","A",63
"2001","2308","5","SA2","505011071","A",29
"2001","2308","5","SA2","505011072","A",80
"2001","2308","5","SA2","505011073","A",93
"2001","2308","5","SA2","505011074","A",55
"2001","2308","5","SA2","505011075","A",33
"2001","2308","5","SA2","505011076","A",20
"2001","2308","5","SA2","505011077","A",82
"2001","2308","5","SA2","505011078","A",67
"2001","2308","5","SA2","505011079","A",82
"2001","2308","5","SA2","505011080","A",35
"2001","2308","5","SA2","505011081","A",65
"2001","2308","5","SA2","505011082","A",59
"2001","2308","5","SA2","505011083","A",33
"2001","2308","5","SA2","505021084","A",63
"2001","2308","5","SA2","505021085","A",80
"2001","2308","5","SA2","505021086","A",119
"2001","2308","5","SA2","505021087","A",0
"2001","2308","5","SA2","505021088","A",70
"2001","2308","5","SA2","505021089","A",116
"2001","2308","5","SA2","505021090","A",82
"2001","2308","5","SA2","505021091","A",0
"2001","2308","5","SA2","505021092","A",63
"2001","2308","5","SA2","505021093","A",27
"2001","2308","5","SA2","505021094","A",35
"2001","2308","5","SA2","505021095","A",40
"2001","2308","5","SA2","505021096","A",61
"2001","2308","5","SA2","505021097","A",67
"2001","2308","5","SA2","505031098","A",55
"2001","2308","5","SA2","505031099","A",16
"2001","2308","5","SA2","505031100","A",13
"2001","2308","5","SA2","505031101","A",19
"2001","2308","5","SA2","505031102","A",31
"2001","2308","5","SA2","505031103","A",14
"2001","2308","5","SA2","505031104","A",28
"2001","2308","5","SA2","505031105","A",55
"2001","2308","5","SA2","505031106","A",0
"2001","2308","5","SA2","505031107","A",17
"2001","2308","5","SA2","505031108","A",80
"2001","2308","5","SA2","505031109","A",24
"2001","2308","5","SA2","506011110","A",246
"2001","2308","5","SA2","506011111","A",0
"2001","2308","5","SA2","506011112","A",49
"2001","2308","5","SA2","506011113","A",20
"2001","2308","5","SA2","506011114","A",122
"2001","2308","5","SA2","506011115","A",148
"2001","2308","5","SA2","506011116","A",79
"2001","2308","5","SA2","506011117","A",52
"2001","2308","5","SA2","506021118","A",58
"2001","2308","5","SA2","506021119","A",57
"2001","2308","5","SA2","506021120","A",0
"2001","2308","5","SA2","506021121","A",0
"2001","2308","5","SA2","506021122","A",115
"2001","2308","5","SA2","506021123","A",80
"2001","2308","5","SA2","506031124","A",125
"2001","2308","5","SA2","506031125","A",37
"2001","2308","5","SA2","506031126","A",0
"2001","2308","5","SA2","506031127","A",83
"2001","2308","5","SA2","506031128","A",101
"2001","2308","5","SA2","506031129","A",113
"2001","2308","5","SA2","506031130","A",0
"2001","2308","5","SA2","506031131","A",89
"2001","2308","5","SA2","506041132","A",113
"2001","2308","5","SA2","506041133","A",24
"2001","2308","5","SA2","506041134","A",148
"2001","2308","5","SA2","506041135","A",41
"2001","2308","5","SA2","506041136","A",107
"2001","2308","5","SA2","506041137","A",175
"2001","2308","5","SA2","506051138","A",89
"2001","2308","5","SA2","506051139","A",52
"2001","2308","5","SA2","506051140","A",127
"2001","2308","5","SA2","506051141","A",121
"2001","2308","5","SA2","506061142","A",65
"2001","2308","5","SA2","506061143","A",39
"2001","2308","5","SA2","506061144","A",15
"2001","2308","5","SA2","506071145","A",56
"2001","2308","5","SA2","506071146","A",49
"2001","2308","5","SA2","506071147","A",62
"2001","2308","5","SA2","507011148","A",22
"2001","2308","5","SA2","507011149","A",15
"2001","2308","5","SA2","507011150","A",0
"2001","2308","5","SA2","507011151","A",0
"2001","2308","5","SA2","507011152","A",41
"2001","2308","5","SA2","507011153","A",56
"2001","2308","5","SA2","507011154","A",34
"2001","2308","5","SA2","507011155","A",0
"2001","2308","5","SA2","507011156","A",9
"2001","2308","5","SA2","507011157","A",0
"2001","2308","5","SA2","507011158","A",0
"2001","2308","5","SA2","507011159","A",42
"2001","2308","5","SA2","507011160","A",43
"2001","2308","5","SA2","507011161","A",9
"2001","2308","5","SA2","507011162","A",3
"2001","2308","5","SA2","507011163","A",24
"2001","2308","5","SA2","507021164","A",28
"2001","2308","5","SA2","507021165","A",69
"2001","2308","5","SA2","507021166","A",55
"2001","2308","5","SA2","507021167","A",0
"2001","2308","5","SA2","507031168","A",13
"2001","2308","5","SA2","507031169","A",13
"2001","2308","5","SA2","507031170","A",46
"2001","2308","5","SA2","507031171","A",8
"2001","2308","5","SA2","507031172","A",3
"2001","2308","5","SA2","507031173","A",0
"2001","2308","5","SA2","507031174","A",62
"2001","2308","5","SA2","507041175","A",47
"2001","2308","5","SA2","507041176","A",19
"2001","2308","5","SA2","507041177","A",59
"2001","2308","5","SA2","507041178","A",73
"2001","2308","5","SA2","507041179","A",32
"2001","2308","5","SA2","507041180","A",47
"2001","2308","5","SA2","507041181","A",66
"2001","2308","5","SA2","507041182","A",45
"2001","2308","5","SA2","507041183","A",32
"2001","2308","5","SA2","507041184","A",19
"2001","2308","5","SA2","507051185","A",23
"2001","2308","5","SA2","507051186","A",45
"2001","2308","5","SA2","507051187","A",36
"2001","2308","5","SA2","507051188","A",103
"2001","2308","5","SA2","507051189","A",0
"2001","2308","5","SA2","507051190","A",93
"2001","2308","5","SA2","507051191","A",42
"2001","2308","5","SA2","507051192","A",50
"2001","2308","5","SA2","507051193","A",47
"2001","2308","5","SA2","508011194","A",56
"2001","2308","5","SA2","508011195","A",5
"2001","2308","5","SA2","508021196","A",41
"2001","2308","5","SA2","508021197","A",77
"2001","2308","5","SA2","508031198","A",30
"2001","2308","5","SA2","508031199","A",28
"2001","2308","5","SA2","508031200","A",15
"2001","2308","5","SA2","508031201","A",0
"2001","2308","5","SA2","508031202","A",15
"2001","2308","5","SA2","508031203","A",23
"2001","2308","5","SA2","508031204","A",0
"2001","2308","5","SA2","508041205","A",80
"2001","2308","5","SA2","508041206","A",12
"2001","2308","5","SA2","508041207","A",16
"2001","2308","5","SA2","508041208","A",42
"2001","2308","5","SA2","508041209","A",10
"2001","2308","5","SA2","508051210","A",66
"2001","2308","5","SA2","508051211","A",19
"2001","2308","5","SA2","508051212","A",26
"2001","2308","5","SA2","508051213","A",25
"2001","2308","5","SA2","508051214","A",14
"2001","2308","5","SA2","508051215","A",19
"2001","2308","5","SA2","508051216","A",17
"2001","2308","5","SA2","508051217","A",22
"2001","2308","5","SA2","508061218","A",31
"2001","2308","5","SA2","508061219","A",13
"2001","2308","5","SA2","508061220","A",42
"2001","2308","5","SA2","508061221","A",10
"2001","2308","5","SA2","508061222","A",19
"2001","2308","5","SA2","508061223","A",18
"2001","2308","5","SA2","508061224","A",13
"2001","2308","5","SA2","509011225","A",130
"2001","2308","5","SA2","509011226","A",42
"2001","2308","5","SA2","509011227","A",21
"2001","2308","5","SA2","509011228","A",40
"2001","2308","5","SA2","509011229","A",7
"2001","2308","5","SA2","509011230","A",17
"2001","2308","5","SA2","509011231","A",9
"2001","2308","5","SA2","509011232","A",32
"2001","2308","5","SA2","509011233","A",83
"2001","2308","5","SA2","509011234","A",26
"2001","2308","5","SA2","509011235","A",0
"2001","2308","5","SA2","509021236","A",21
"2001","2308","5","SA2","509021237","A",16
"2001","2308","5","SA2","509021238","A",17
"2001","2308","5","SA2","509021239","A",51
"2001","2308","5","SA2","509021240","A",14
"2001","2308","5","SA2","509021241","A",19
"2001","2308","5","SA2","509021242","A",19
"2001","2308","5","SA2","509021243","A",58
"2001","2308","5","SA2","509021244","A",32
"2001","2308","5","SA2","509021245","A",25
"2001","2308","5","SA2","509031246","A",18
"2001","2308","5","SA2","509031247","A",16
"2001","2308","5","SA2","509031248","A",14
"2001","2308","5","SA2","509031249","A",20
"2001","2308","5","SA2","509031250","A",20
"2001","2308","5","SA2","597979799","A",5
"2001","2308","6","SA2","601011001","A",10
"2001","2308","6","SA2","601011002","A",6
"2001","2308","6","SA2","601011003","A",4
"2001","2308","6","SA2","601021004","A",31
"2001","2308","6","SA2","601021005","A",30
"2001","2308","6","SA2","601021006","A",9
"2001","2308","6","SA2","601021007","A",46
"2001","2308","6","SA2","601021008","A",24
"2001","2308","6","SA2","601021009","A",17
"2001","2308","6","SA2","601021010","A",6
"2001","2308","6","SA2","601021011","A",8
"2001","2308","6","SA2","601021012","A",17
"2001","2308","6","SA2","601031013","A",3
"2001","2308","6","SA2","601031014","A",16
"2001","2308","6","SA2","601031015","A",19
"2001","2308","6","SA2","601031016","A",11
"2001","2308","6","SA2","601031017","A",18
"2001","2308","6","SA2","601031018","A",14
"2001","2308","6","SA2","601031019","A",6
"2001","2308","6","SA2","601031020","A",10
"2001","2308","6","SA2","601031021","A",10
"2001","2308","6","SA2","601041022","A",138
"2001","2308","6","SA2","601041023","A",127
"2001","2308","6","SA2","601041024","A",49
"2001","2308","6","SA2","601041025","A",0
"2001","2308","6","SA2","601041026","A",31
"2001","2308","6","SA2","601051027","A",50
"2001","2308","6","SA2","601051028","A",26
"2001","2308","6","SA2","601051029","A",18
"2001","2308","6","SA2","601051030","A",14
"2001","2308","6","SA2","601051031","A",38
"2001","2308","6","SA2","601051032","A",33
"2001","2308","6","SA2","601051033","A",28
"2001","2308","6","SA2","601061034","A",14
"2001","2308","6","SA2","601061035","A",22
"2001","2308","6","SA2","602011036","A",9
"2001","2308","6","SA2","602011037","A",19
"2001","2308","6","SA2","602011038","A",29
"2001","2308","6","SA2","602011039","A",40
"2001","2308","6","SA2","602011040","A",18
"2001","2308","6","SA2","602011041","A",27
"2001","2308","6","SA2","602011042","A",28
"2001","2308","6","SA2","602011043","A",37
"2001","2308","6","SA2","602011044","A",32
"2001","2308","6","SA2","602011045","A",10
"2001","2308","6","SA2","602011046","A",76
"2001","2308","6","SA2","602011047","A",22
"2001","2308","6","SA2","602011048","A",21
"2001","2308","6","SA2","602011049","A",34
"2001","2308","6","SA2","602011050","A",17
"2001","2308","6","SA2","602011051","A",33
"2001","2308","6","SA2","602011052","A",24
"2001","2308","6","SA2","602021053","A",24
"2001","2308","6","SA2","602021054","A",38
"2001","2308","6","SA2","602021055","A",73
"2001","2308","6","SA2","602021056","A",21
"2001","2308","6","SA2","602021057","A",22
"2001","2308","6","SA2","602031058","A",38
"2001","2308","6","SA2","602031059","A",37
"2001","2308","6","SA2","602031060","A",18
"2001","2308","6","SA2","602031061","A",10
"2001","2308","6","SA2","602031062","A",21
"2001","2308","6","SA2","602031063","A",33
"2001","2308","6","SA2","602031064","A",21
"2001","2308","6","SA2","603011065","A",3
"2001","2308","6","SA2","603011066","A",5
"2001","2308","6","SA2","603011067","A",15
"2001","2308","6","SA2","603011068","A",0
"2001","2308","6","SA2","603021069","A",17
"2001","2308","6","SA2","603021070","A",20
"2001","2308","6","SA2","603021071","A",12
"2001","2308","6","SA2","603021072","A",36
"2001","2308","6","SA2","603031073","A",4
"2001","2308","6","SA2","603031074","A",18
"2001","2308","6","SA2","604011075","A",7
"2001","2308","6","SA2","604011076","A",39
"2001","2308","6","SA2","604011077","A",10
"2001","2308","6","SA2","604011078","A",29
"2001","2308","6","SA2","604011079","A",38
"2001","2308","6","SA2","604011080","A",15
"2001","2308","6","SA2","604011081","A",14
"2001","2308","6","SA2","604011082","A",81
"2001","2308","6","SA2","604011083","A",45
"2001","2308","6","SA2","604011084","A",29
"2001","2308","6","SA2","604021085","A",64
"2001","2308","6","SA2","604021086","A",26
"2001","2308","6","SA2","604021087","A",10
"2001","2308","6","SA2","604021088","A",12
"2001","2308","6","SA2","604021089","A",26
"2001","2308","6","SA2","604021090","A",8
"2001","2308","6","SA2","604021091","A",28
"2001","2308","6","SA2","604021092","A",24
"2001","2308","6","SA2","604031093","A",24
"2001","2308","6","SA2","604031094","A",35
"2001","2308","6","SA2","604031095","A",12
"2001","2308","6","SA2","604031096","A",19
"2001","2308","6","SA2","604031097","A",16
"2001","2308","6","SA2","604031098","A",0
"2001","2308","6","SA2","697979799","A",9
"2001","2308","7","SA2","701011001","A",3
"2001","2308","7","SA2","701011002","A",23
"2001","2308","7","SA2","701011003","A",0
"2001","2308","7","SA2","701011004","A",17
"2001","2308","7","SA2","701011005","A",14
"2001","2308","7","SA2","701011006","A",9
"2001","2308","7","SA2","701011007","A",8
"2001","2308","7","SA2","701011008","A",9
"2001","2308","7","SA2","701011009","A",10
"2001","2308","7","SA2","701021010","A",9
"2001","2308","7","SA2","701021011","A",6
"2001","2308","7","SA2","701021012","A",16
"2001","2308","7","SA2","701021013","A",11
"2001","2308","7","SA2","701021014","A",0
"2001","2308","7","SA2","701021015","A",0
"2001","2308","7","SA2","701021016","A",13
"2001","2308","7","SA2","701021017","A",0
"2001","2308","7","SA2","701021018","A",11
"2001","2308","7","SA2","701021019","A",10
"2001","2308","7","SA2","701021020","A",20
"2001","2308","7","SA2","701021021","A",12
"2001","2308","7","SA2","701021022","A",25
"2001","2308","7","SA2","701021023","A",10
"2001","2308","7","SA2","701021024","A",5
"2001","2308","7","SA2","701021025","A",12
"2001","2308","7","SA2","701021026","A",12
"2001","2308","7","SA2","701021027","A",12
"2001","2308","7","SA2","701021028","A",6
"2001","2308","7","SA2","701021029","A",6
"2001","2308","7","SA2","701021030","A",8
"2001","2308","7","SA2","701031031","A",26
"2001","2308","7","SA2","701031032","A",27
"2001","2308","7","SA2","701031033","A",0
"2001","2308","7","SA2","701031034","A",19
"2001","2308","7","SA2","701031035","A",19
"2001","2308","7","SA2","701041036","A",7
"2001","2308","7","SA2","701041037","A",11
"2001","2308","7","SA2","701041038","A",9
"2001","2308","7","SA2","701041039","A",11
"2001","2308","7","SA2","701041040","A",6
"2001","2308","7","SA2","701041041","A",8
"2001","2308","7","SA2","701041042","A",0
"2001","2308","7","SA2","701041043","A",6
"2001","2308","7","SA2","701041044","A",10
"2001","2308","7","SA2","702011045","A",11
"2001","2308","7","SA2","702011046","A",19
"2001","2308","7","SA2","702011047","A",17
"2001","2308","7","SA2","702011048","A",28
"2001","2308","7","SA2","702011049","A",14
"2001","2308","7","SA2","702011050","A",16
"2001","2308","7","SA2","702011051","A",21
"2001","2308","7","SA2","702011052","A",4
"2001","2308","7","SA2","702011053","A",8
"2001","2308","7","SA2","702011054","A",3
"2001","2308","7","SA2","702021055","A",7
"2001","2308","7","SA2","702021056","A",10
"2001","2308","7","SA2","702031057","A",20
"2001","2308","7","SA2","702031058","A",6
"2001","2308","7","SA2","702031059","A",3
"2001","2308","7","SA2","702031060","A",0
"2001","2308","7","SA2","702031061","A",6
"2001","2308","7","SA2","702041062","A",6
"2001","2308","7","SA2","702041063","A",3
"2001","2308","7","SA2","702041064","A",9
"2001","2308","7","SA2","702051065","A",7
"2001","2308","7","SA2","702051066","A",8
"2001","2308","7","SA2","702051067","A",48
"2001","2308","7","SA2","702051068","A",4
"2001","2308","7","SA2","797979799","A",3
"2001","2308","8","SA2","801011001","A",12
"2001","2308","8","SA2","801011002","A",6
"2001","2308","8","SA2","801011003","A",12
"2001","2308","8","SA2","801011004","A",17
"2001","2308","8","SA2","801011005","A",11
"2001","2308","8","SA2","801011006","A",6
"2001","2308","8","SA2","801011007","A",12
"2001","2308","8","SA2","801011008","A",11
"2001","2308","8","SA2","801011009","A",17
"2001","2308","8","SA2","801011010","A",6
"2001","2308","8","SA2","801011011","A",13
"2001","2308","8","SA2","801011012","A",0
"2001","2308","8","SA2","801011013","A",8
"2001","2308","8","SA2","801011014","A",24
"2001","2308","8","SA2","801011015","A",25
"2001","2308","8","SA2","801011016","A",27
"2001","2308","8","SA2","801011017","A",26
"2001","2308","8","SA2","801011018","A",0
"2001","2308","8","SA2","801011019","A",18
"2001","2308","8","SA2","801011020","A",13
"2001","2308","8","SA2","801011021","A",7
"2001","2308","8","SA2","801011022","A",11
"2001","2308","8","SA2","801011023","A",16
"2001","2308","8","SA2","801011024","A",19
"2001","2308","8","SA2","801011025","A",12
"2001","2308","8","SA2","801011026","A",9
"2001","2308","8","SA2","801021027","A",6
"2001","2308","8","SA2","801021028","A",0
"2001","2308","8","SA2","801021029","A",0
"2001","2308","8","SA2","801031030","A",8
"2001","2308","8","SA2","801031031","A",0
"2001","2308","8","SA2","801031032","A",0
"2001","2308","8","SA2","801031033","A",0
"2001","2308","8","SA2","801041034","A",5
"2001","2308","8","SA2","801041035","A",0
"2001","2308","8","SA2","801041036","A",0
"2001","2308","8","SA2","801041037","A",0
"2001","2308","8","SA2","801041038","A",0
"2001","2308","8","SA2","801041039","A",0
"2001","2308","8","SA2","801041040","A",0
"2001","2308","8","SA2","801041041","A",0
"2001","2308","8","SA2","801041042","A",0
"2001","2308","8","SA2","801041043","A",6
"2001","2308","8","SA2","801041044","A",0
"2001","2308","8","SA2","801041045","A",0
"2001","2308","8","SA2","801041046","A",23
"2001","2308","8","SA2","801041047","A",12
"2001","2308","8","SA2","801041048","A",12
"2001","2308","8","SA2","801051049","A",3
"2001","2308","8","SA2","801051050","A",31
"2001","2308","8","SA2","801051051","A",9
"2001","2308","8","SA2","801051052","A",19
"2001","2308","8","SA2","801051053","A",7
"2001","2308","8","SA2","801051054","A",16
"2001","2308","8","SA2","801051055","A",19
"2001","2308","8","SA2","801051056","A",17
"2001","2308","8","SA2","801051057","A",25
"2001","2308","8","SA2","801051058","A",23
"2001","2308","8","SA2","801051059","A",8
"2001","2308","8","SA2","801051060","A",0
"2001","2308","8","SA2","801051061","A",27
"2001","2308","8","SA2","801061062","A",13
"2001","2308","8","SA2","801061063","A",11
"2001","2308","8","SA2","801061064","A",13
"2001","2308","8","SA2","801061065","A",6
"2001","2308","8","SA2","801061066","A",0
"2001","2308","8","SA2","801061067","A",34
"2001","2308","8","SA2","801061068","A",0
"2001","2308","8","SA2","801061069","A",4
"2001","2308","8","SA2","801061070","A",25
"2001","2308","8","SA2","801071071","A",13
"2001","2308","8","SA2","801071072","A",14
"2001","2308","8","SA2","801071073","A",20
"2001","2308","8","SA2","801071074","A",16
"2001","2308","8","SA2","801071075","A",13
"2001","2308","8","SA2","801071076","A",14
"2001","2308","8","SA2","801071077","A",10
"2001","2308","8","SA2","801071078","A",30
"2001","2308","8","SA2","801071079","A",16
"2001","2308","8","SA2","801071080","A",3
"2001","2308","8","SA2","801071081","A",24
"2001","2308","8","SA2","801071082","A",64
"2001","2308","8","SA2","801071083","A",8
"2001","2308","8","SA2","801071084","A",31
"2001","2308","8","SA2","801071085","A",0
"2001","2308","8","SA2","801071086","A",7
"2001","2308","8","SA2","801071087","A",8
"2001","2308","8","SA2","801071088","A",11
"2001","2308","8","SA2","801071089","A",0
"2001","2308","8","SA2","801071090","A",46
"2001","2308","8","SA2","801081091","A",14
"2001","2308","8","SA2","801081092","A",16
"2001","2308","8","SA2","801081093","A",19
"2001","2308","8","SA2","801081094","A",12
"2001","2308","8","SA2","801081095","A",16
"2001","2308","8","SA2","801081096","A",17
"2001","2308","8","SA2","801081097","A",15
"2001","2308","8","SA2","801081098","A",25
"2001","2308","8","SA2","801091099","A",7
"2001","2308","8","SA2","801091100","A",19
"2001","2308","8","SA2","801091101","A",17
"2001","2308","8","SA2","801091102","A",12
"2001","2308","8","SA2","801091103","A",10
"2001","2308","8","SA2","801091104","A",13
"2001","2308","8","SA2","801091105","A",11
"2001","2308","8","SA2","801091106","A",16
"2001","2308","8","SA2","801091107","A",3
"2001","2308","8","SA2","801091108","A",9
"2001","2308","8","SA2","801091109","A",8
"2001","2308","8","SA2","801091110","A",8
"2001","2308","8","SA2","897979799","A",0
"2001","2308","9","SA2","901011001","A",3
"2001","2308","9","SA2","901021002","A",3
"2001","2308","9","SA2","901031003","A",3
"2001","2308","9","SA2","997979799","A",0
